district,year,Type 0,Type 1,Type 2,Type 3,Type 4,Type 5,Type 6
1009006,1981,0.0,0.0,0.0,0.0,1.0,0.0,0.0
1009006,1982,0.0,0.0,0.0,0.0,1.0,0.0,0.0
1009006,1983,0.75,0.0,0.0,0.0,0.25,0.0,0.0
1009006,1984,0.6666666666666666,0.0,0.0,0.0,0.3333333333333333,0.0,0.0
1009006,1985,0.0,0.0,0.0,0.0,1.0,0.0,0.0
1009006,1986,0.0,0.0,0.0,0.0,0.0,1.0,0.0
1009006,1987,1.0,0.0,0.0,0.0,0.0,0.0,0.0
1009006,1988,0.6666666666666666,0.0,0.0,0.0,0.3333333333333333,0.0,0.0
1009006,1989,0.6666666666666666,0.0,0.3333333333333333,0.0,0.0,0.0,0.0
1009006,1990,0.75,0.0,0.0,0.0,0.25,0.0,0.0
1009006,1991,1.0,0.0,0.0,0.0,0.0,0.0,0.0
1009006,1992,0.6666666666666666,0.0,0.0,0.0,0.3333333333333333,0.0,0.0
1009006,1993,0.5,0.0,0.0,0.5,0.0,0.0,0.0
1009006,1994,0.0,0.0,0.0,0.0,1.0,0.0,0.0
1009006,1995,0.75,0.0,0.0,0.0,0.25,0.0,0.0
1009006,1996,0.0,0.0,0.0,0.0,0.0,1.0,0.0
1009006,1997,0.3333333333333333,0.0,0.3333333333333333,0.3333333333333333,0.0,0.0,0.0
1009006,1998,0.5,0.0,0.5,0.0,0.0,0.0,0.0
1009006,1999,0.5,0.0,0.0,0.5,0.0,0.0,0.0
1009006,2000,0.0,0.0,0.5,0.0,0.5,0.0,0.0
1009006,2001,0.5,0.0,0.0,0.0,0.0,0.5,0.0
1009006,2002,1.0,0.0,0.0,0.0,0.0,0.0,0.0
1009006,2003,0.75,0.0,0.0,0.0,0.25,0.0,0.0
1009006,2004,0.5,0.0,0.0,0.5,0.0,0.0,0.0
1009006,2005,0.5,0.0,0.25,0.0,0.25,0.0,0.0
1009006,2006,0.5,0.0,0.0,0.0,0.5,0.0,0.0
1009006,2007,0.4,0.0,0.2,0.4,0.0,0.0,0.0
1009006,2008,0.3333333333333333,0.0,0.3333333333333333,0.0,0.3333333333333333,0.0,0.0
1009006,2009,0.8,0.0,0.0,0.2,0.0,0.0,0.0
1009006,2010,0.3333333333333333,0.0,0.3333333333333333,0.0,0.3333333333333333,0.0,0.0
1009006,2011,0.75,0.0,0.0,0.0,0.25,0.0,0.0
1009006,2012,0.3333333333333333,0.0,0.3333333333333333,0.0,0.3333333333333333,0.0,0.0
1009006,2013,0.75,0.0,0.0,0.0,0.25,0.0,0.0
1009006,2014,0.6666666666666666,0.0,0.0,0.3333333333333333,0.0,0.0,0.0
1009006,2015,0.75,0.0,0.0,0.0,0.25,0.0,0.0
1009006,2016,0.3333333333333333,0.3333333333333333,0.0,0.3333333333333333,0.0,0.0,0.0
1009006,2017,0.3333333333333333,0.16666666666666666,0.3333333333333333,0.16666666666666666,0.0,0.0,0.0
1009006,2018,0.0,0.0,0.0,0.5,0.5,0.0,0.0
1009006,2019,0.6666666666666666,0.0,0.16666666666666666,0.0,0.0,0.16666666666666666,0.0
1009006,2020,0.6666666666666666,0.0,0.0,0.0,0.0,0.3333333333333333,0.0
1009006,2021,0.4,0.0,0.2,0.2,0.2,0.0,0.0
1009006,2022,0.5,0.5,0.0,0.0,0.0,0.0,0.0
1009006,2023,0.3333333333333333,0.0,0.16666666666666666,0.16666666666666666,0.3333333333333333,0.0,0.0
1009006,2024,0.6666666666666666,0.0,0.0,0.0,0.3333333333333333,0.0,0.0
1009007,1981,0.16666666666666666,0.0,0.5,0.0,0.16666666666666666,0.16666666666666666,0.0
1009007,1982,0.2,0.0,0.4,0.0,0.0,0.4,0.0
1009007,1983,0.2,0.0,0.4,0.0,0.2,0.2,0.0
1009007,1984,0.5,0.0,0.0,0.0,0.25,0.25,0.0
1009007,1985,0.2,0.0,0.2,0.4,0.0,0.2,0.0
1009007,1986,0.0,0.0,0.3333333333333333,0.0,0.0,0.6666666666666666,0.0
1009007,1987,0.5,0.0,0.0,0.0,0.16666666666666666,0.3333333333333333,0.0
1009007,1988,0.0,0.0,0.0,0.5,0.0,0.5,0.0
1009007,1989,0.4,0.0,0.0,0.2,0.2,0.2,0.0
1009007,1990,0.5,0.0,0.0,0.0,0.0,0.5,0.0
1009007,1991,0.2,0.0,0.2,0.0,0.2,0.4,0.0
1009007,1992,0.25,0.0,0.25,0.0,0.0,0.5,0.0
1009007,1993,0.6,0.0,0.0,0.2,0.0,0.2,0.0
1009007,1994,0.5,0.0,0.0,0.0,0.0,0.5,0.0
1009007,1995,0.0,0.0,0.3333333333333333,0.0,0.0,0.6666666666666666,0.0
1009007,1996,0.0,0.0,0.3333333333333333,0.0,0.3333333333333333,0.3333333333333333,0.0
1009007,1997,0.0,0.0,0.3333333333333333,0.0,0.0,0.3333333333333333,0.3333333333333333
1009007,1998,0.4,0.0,0.2,0.0,0.0,0.4,0.0
1009007,1999,0.6,0.0,0.0,0.0,0.0,0.4,0.0
1009007,2000,0.42857142857142855,0.0,0.42857142857142855,0.0,0.0,0.14285714285714285,0.0
1009007,2001,0.3333333333333333,0.0,0.0,0.3333333333333333,0.0,0.3333333333333333,0.0
1009007,2002,0.3333333333333333,0.0,0.16666666666666666,0.3333333333333333,0.0,0.16666666666666666,0.0
1009007,2003,0.2,0.0,0.2,0.0,0.4,0.2,0.0
1009007,2004,0.4,0.0,0.2,0.2,0.0,0.2,0.0
1009007,2005,0.16666666666666666,0.0,0.16666666666666666,0.5,0.0,0.16666666666666666,0.0
1009007,2006,0.6666666666666666,0.0,0.0,0.0,0.0,0.3333333333333333,0.0
1009007,2007,0.3333333333333333,0.0,0.0,0.0,0.0,0.6666666666666666,0.0
1009007,2008,0.5,0.0,0.16666666666666666,0.0,0.16666666666666666,0.16666666666666666,0.0
1009007,2009,0.4,0.0,0.0,0.2,0.2,0.2,0.0
1009007,2010,0.0,0.25,0.75,0.0,0.0,0.0,0.0
1009007,2011,0.0,0.0,0.0,0.0,0.0,1.0,0.0
1009007,2012,0.25,0.0,0.25,0.0,0.0,0.5,0.0
1009007,2013,0.0,0.0,0.0,0.0,0.0,1.0,0.0
1009007,2014,0.5,0.0,0.0,0.0,0.0,0.5,0.0
1009007,2015,0.5,0.0,0.0,0.0,0.0,0.25,0.25
1009007,2016,0.25,0.0,0.0,0.0,0.5,0.25,0.0
1009007,2017,0.3333333333333333,0.0,0.0,0.16666666666666666,0.3333333333333333,0.16666666666666666,0.0
1009007,2018,0.0,0.0,0.3333333333333333,0.0,0.0,0.6666666666666666,0.0
1009007,2019,0.0,0.0,0.3333333333333333,0.0,0.0,0.6666666666666666,0.0
1009007,2020,0.25,0.0,0.25,0.0,0.0,0.5,0.0
1009007,2021,0.0,0.0,0.0,0.0,0.6666666666666666,0.3333333333333333,0.0
1009007,2022,0.5,0.0,0.3333333333333333,0.0,0.0,0.16666666666666666,0.0
1009007,2023,0.6666666666666666,0.0,0.0,0.0,0.16666666666666666,0.16666666666666666,0.0
1009007,2024,0.0,0.0,0.3333333333333333,0.0,0.6666666666666666,0.0,0.0
1009008,1981,0.2,0.0,0.4,0.0,0.4,0.0,0.0
1009008,1982,0.75,0.0,0.125,0.0,0.0,0.125,0.0
1009008,1983,0.6,0.0,0.2,0.0,0.0,0.2,0.0
1009008,1984,0.6,0.0,0.0,0.2,0.2,0.0,0.0
1009008,1985,0.25,0.0,0.25,0.25,0.25,0.0,0.0
1009008,1986,0.0,0.0,0.5,0.25,0.0,0.25,0.0
1009008,1987,0.3333333333333333,0.0,0.0,0.3333333333333333,0.0,0.3333333333333333,0.0
1009008,1988,0.75,0.0,0.125,0.0,0.0,0.125,0.0
1009008,1989,0.5,0.0,0.0,0.0,0.5,0.0,0.0
1009008,1990,0.5,0.0,0.25,0.0,0.0,0.25,0.0
1009008,1991,0.3333333333333333,0.0,0.0,0.0,0.0,0.6666666666666666,0.0
1009008,1992,0.2,0.0,0.2,0.4,0.0,0.2,0.0
1009008,1993,0.6,0.0,0.0,0.2,0.0,0.2,0.0
1009008,1994,0.3333333333333333,0.0,0.3333333333333333,0.0,0.0,0.3333333333333333,0.0
1009008,1995,0.5,0.0,0.0,0.0,0.25,0.25,0.0
1009008,1996,0.5,0.0,0.25,0.0,0.0,0.25,0.0
1009008,1997,0.2,0.0,0.4,0.0,0.0,0.4,0.0
1009008,1998,0.0,0.0,0.25,0.5,0.0,0.25,0.0
1009008,1999,0.3333333333333333,0.0,0.0,0.3333333333333333,0.0,0.3333333333333333,0.0
1009008,2000,0.6666666666666666,0.0,0.16666666666666666,0.0,0.0,0.16666666666666666,0.0
1009008,2001,0.0,0.0,0.0,0.5,0.0,0.5,0.0
1009008,2002,0.42857142857142855,0.0,0.42857142857142855,0.0,0.0,0.14285714285714285,0.0
1009008,2003,0.5,0.0,0.25,0.0,0.0,0.25,0.0
1009008,2004,0.25,0.0,0.25,0.25,0.0,0.25,0.0
1009008,2005,0.4,0.0,0.2,0.2,0.0,0.2,0.0
1009008,2006,0.625,0.0,0.125,0.125,0.0,0.125,0.0
1009008,2007,0.0,0.0,0.0,0.0,0.0,1.0,0.0
1009008,2008,0.5,0.0,0.16666666666666666,0.16666666666666666,0.0,0.16666666666666666,0.0
1009008,2009,0.4,0.0,0.0,0.2,0.2,0.2,0.0
1009008,2010,0.25,0.25,0.25,0.25,0.0,0.0,0.0
1009008,2011,0.0,0.0,0.3333333333333333,0.3333333333333333,0.0,0.3333333333333333,0.0
1009008,2012,0.25,0.0,0.25,0.25,0.0,0.25,0.0
1009008,2013,0.0,0.0,0.0,0.0,0.6666666666666666,0.3333333333333333,0.0
1009008,2014,0.3333333333333333,0.0,0.0,0.0,0.0,0.6666666666666666,0.0
1009008,2015,0.25,0.0,0.25,0.0,0.0,0.5,0.0
1009008,2016,0.3333333333333333,0.0,0.0,0.0,0.0,0.6666666666666666,0.0
1009008,2017,0.75,0.0,0.0,0.125,0.0,0.125,0.0
1009008,2018,0.0,0.0,0.3333333333333333,0.0,0.0,0.6666666666666666,0.0
1009008,2019,0.0,0.0,0.4,0.2,0.0,0.4,0.0
1009008,2020,0.25,0.0,0.25,0.0,0.0,0.5,0.0
1009008,2021,0.0,0.0,0.25,0.25,0.25,0.25,0.0
1009008,2022,0.6,0.2,0.2,0.0,0.0,0.0,0.0
1009008,2023,0.6666666666666666,0.0,0.0,0.0,0.16666666666666666,0.16666666666666666,0.0
1009008,2024,0.25,0.0,0.25,0.25,0.25,0.0,0.0
1009009,1981,0.25,0.0,0.5,0.0,0.25,0.0,0.0
1009009,1982,0.4,0.0,0.0,0.4,0.0,0.2,0.0
1009009,1983,0.6,0.0,0.2,0.0,0.0,0.2,0.0
1009009,1984,0.0,0.0,0.0,0.5,0.0,0.5,0.0
1009009,1985,0.6666666666666666,0.0,0.0,0.3333333333333333,0.0,0.0,0.0
1009009,1986,0.0,0.0,0.0,0.0,0.0,1.0,0.0
1009009,1987,0.6666666666666666,0.0,0.16666666666666666,0.16666666666666666,0.0,0.0,0.0
1009009,1988,0.8,0.0,0.0,0.0,0.0,0.2,0.0
1009009,1989,0.25,0.0,0.25,0.25,0.25,0.0,0.0
1009009,1990,0.0,0.0,0.75,0.25,0.0,0.0,0.0
1009009,1991,0.6666666666666666,0.0,0.3333333333333333,0.0,0.0,0.0,0.0
1009009,1992,0.25,0.0,0.25,0.5,0.0,0.0,0.0
1009009,1993,0.8,0.0,0.0,0.2,0.0,0.0,0.0
1009009,1994,0.0,0.0,0.0,0.0,0.0,1.0,0.0
1009009,1995,0.4,0.0,0.4,0.0,0.2,0.0,0.0
1009009,1996,0.5,0.0,0.25,0.25,0.0,0.0,0.0
1009009,1997,0.16666666666666666,0.0,0.5,0.3333333333333333,0.0,0.0,0.0
1009009,1998,0.5,0.0,0.16666666666666666,0.3333333333333333,0.0,0.0,0.0
1009009,1999,0.7142857142857143,0.0,0.0,0.2857142857142857,0.0,0.0,0.0
1009009,2000,0.5,0.0,0.0,0.0,0.0,0.5,0.0
1009009,2001,0.0,0.0,0.6666666666666666,0.0,0.0,0.3333333333333333,0.0
1009009,2002,0.6,0.0,0.2,0.2,0.0,0.0,0.0
1009009,2003,0.8,0.0,0.0,0.0,0.0,0.2,0.0
1009009,2004,0.2,0.0,0.6,0.2,0.0,0.0,0.0
1009009,2005,0.16666666666666666,0.0,0.3333333333333333,0.3333333333333333,0.16666666666666666,0.0,0.0
1009009,2006,0.5,0.0,0.0,0.25,0.0,0.25,0.0
1009009,2007,0.0,0.0,0.5,0.0,0.25,0.25,0.0
1009009,2008,0.0,0.0,0.6666666666666666,0.0,0.0,0.3333333333333333,0.0
1009009,2009,0.2,0.0,0.6,0.0,0.0,0.2,0.0
1009009,2010,0.6,0.0,0.2,0.0,0.0,0.2,0.0
1009009,2011,0.4,0.0,0.4,0.0,0.0,0.2,0.0
1009009,2012,0.0,0.0,0.0,0.5,0.0,0.5,0.0
1009009,2013,0.0,0.0,0.6,0.2,0.0,0.2,0.0
1009009,2014,0.5,0.0,0.16666666666666666,0.3333333333333333,0.0,0.0,0.0
1009009,2015,0.6,0.0,0.0,0.2,0.0,0.2,0.0
1009009,2016,0.25,0.0,0.25,0.0,0.5,0.0,0.0
1009009,2017,0.5,0.0,0.0,0.3333333333333333,0.0,0.16666666666666666,0.0
1009009,2018,0.5,0.0,0.25,0.25,0.0,0.0,0.0
1009009,2019,0.2,0.0,0.2,0.4,0.0,0.2,0.0
1009009,2020,0.4,0.0,0.2,0.0,0.0,0.4,0.0
1009009,2021,0.4,0.0,0.2,0.2,0.0,0.2,0.0
1009009,2022,0.3333333333333333,0.0,0.0,0.3333333333333333,0.0,0.3333333333333333,0.0
1009009,2023,0.25,0.0,0.0,0.25,0.25,0.25,0.0
1009009,2024,0.6,0.0,0.2,0.0,0.2,0.0,0.0
1009010,1981,1.0,0.0,0.0,0.0,0.0,0.0,0.0
1009010,1982,0.25,0.0,0.5,0.25,0.0,0.0,0.0
1009010,1983,0.0,1.0,0.0,0.0,0.0,0.0,0.0
1009010,1984,0.6666666666666666,0.3333333333333333,0.0,0.0,0.0,0.0,0.0
1009010,1985,1.0,0.0,0.0,0.0,0.0,0.0,0.0
1009010,1986,0.0,0.0,0.0,0.0,1.0,0.0,0.0
1009010,1987,1.0,0.0,0.0,0.0,0.0,0.0,0.0
1009010,1988,0.5,0.5,0.0,0.0,0.0,0.0,0.0
1009010,1989,0.0,0.3333333333333333,0.0,0.3333333333333333,0.3333333333333333,0.0,0.0
1009010,1990,0.0,0.0,0.3333333333333333,0.3333333333333333,0.3333333333333333,0.0,0.0
1009010,1991,0.5,0.0,0.5,0.0,0.0,0.0,0.0
1009010,1992,0.3333333333333333,0.3333333333333333,0.0,0.3333333333333333,0.0,0.0,0.0
1009010,1993,0.0,0.0,0.5,0.5,0.0,0.0,0.0
1009010,1994,0.2,0.4,0.2,0.2,0.0,0.0,0.0
1009010,1995,0.0,1.0,0.0,0.0,0.0,0.0,0.0
1009010,1996,0.5,0.0,0.0,0.5,0.0,0.0,0.0
1009010,1997,0.6666666666666666,0.0,0.16666666666666666,0.16666666666666666,0.0,0.0,0.0
1009010,1998,0.3333333333333333,0.0,0.3333333333333333,0.3333333333333333,0.0,0.0,0.0
1009010,1999,1.0,0.0,0.0,0.0,0.0,0.0,0.0
1009010,2000,0.0,0.0,0.6666666666666666,0.3333333333333333,0.0,0.0,0.0
1009010,2001,0.6666666666666666,0.0,0.0,0.0,0.3333333333333333,0.0,0.0
1009010,2002,1.0,0.0,0.0,0.0,0.0,0.0,0.0
1009010,2003,0.5,0.5,0.0,0.0,0.0,0.0,0.0
1009010,2004,0.5,0.0,0.0,0.5,0.0,0.0,0.0
1009010,2005,0.7142857142857143,0.0,0.2857142857142857,0.0,0.0,0.0,0.0
1009010,2006,0.75,0.25,0.0,0.0,0.0,0.0,0.0
1009010,2007,0.5,0.3333333333333333,0.0,0.16666666666666666,0.0,0.0,0.0
1009010,2008,0.0,0.0,0.5,0.0,0.5,0.0,0.0
1009010,2009,0.3333333333333333,0.3333333333333333,0.3333333333333333,0.0,0.0,0.0,0.0
1009010,2010,0.6666666666666666,0.3333333333333333,0.0,0.0,0.0,0.0,0.0
1009010,2011,0.5,0.5,0.0,0.0,0.0,0.0,0.0
1009010,2012,0.6666666666666666,0.0,0.0,0.0,0.3333333333333333,0.0,0.0
1009010,2013,0.3333333333333333,0.0,0.6666666666666666,0.0,0.0,0.0,0.0
1009010,2014,0.3333333333333333,0.0,0.6666666666666666,0.0,0.0,0.0,0.0
1009010,2015,0.5,0.5,0.0,0.0,0.0,0.0,0.0
1009010,2016,0.5,0.25,0.0,0.25,0.0,0.0,0.0
1009010,2017,0.2,0.4,0.2,0.2,0.0,0.0,0.0
1009010,2018,1.0,0.0,0.0,0.0,0.0,0.0,0.0
1009010,2019,0.5,0.25,0.0,0.25,0.0,0.0,0.0
1009010,2020,0.5,0.5,0.0,0.0,0.0,0.0,0.0
1009010,2021,0.5,0.0,0.0,0.25,0.25,0.0,0.0
1009010,2022,0.5,0.5,0.0,0.0,0.0,0.0,0.0
1009010,2023,0.6666666666666666,0.3333333333333333,0.0,0.0,0.0,0.0,0.0
1009010,2024,0.0,0.0,0.0,0.5,0.5,0.0,0.0
1009011,1981,1.0,0.0,0.0,0.0,0.0,0.0,0.0
1009011,1982,0.5,0.0,0.0,0.25,0.25,0.0,0.0
1009011,1983,0.0,0.0,0.0,1.0,0.0,0.0,0.0
1009011,1984,0.0,0.0,0.5,0.5,0.0,0.0,0.0
1009011,1985,0.5,0.0,0.0,0.5,0.0,0.0,0.0
1009011,1986,0.5,0.0,0.0,0.5,0.0,0.0,0.0
1009011,1987,0.0,0.0,0.5,0.5,0.0,0.0,0.0
1009011,1988,0.6666666666666666,0.0,0.0,0.0,0.3333333333333333,0.0,0.0
1009011,1989,0.75,0.0,0.25,0.0,0.0,0.0,0.0
1009011,1990,0.5,0.0,0.5,0.0,0.0,0.0,0.0
1009011,1991,0.0,0.0,0.0,1.0,0.0,0.0,0.0
1009011,1992,0.25,0.0,0.0,0.75,0.0,0.0,0.0
1009011,1993,1.0,0.0,0.0,0.0,0.0,0.0,0.0
1009011,1994,0.6666666666666666,0.0,0.0,0.3333333333333333,0.0,0.0,0.0
1009011,1995,0.3333333333333333,0.0,0.3333333333333333,0.3333333333333333,0.0,0.0,0.0
1009011,1996,0.0,0.0,0.5,0.5,0.0,0.0,0.0
1009011,1997,0.0,0.0,0.5,0.5,0.0,0.0,0.0
1009011,1998,0.3333333333333333,0.0,0.0,0.6666666666666666,0.0,0.0,0.0
1009011,1999,0.0,0.0,0.5,0.5,0.0,0.0,0.0
1009011,2000,1.0,0.0,0.0,0.0,0.0,0.0,0.0
1009011,2001,0.5,0.0,0.5,0.0,0.0,0.0,0.0
1009011,2002,1.0,0.0,0.0,0.0,0.0,0.0,0.0
1009011,2003,0.75,0.0,0.0,0.25,0.0,0.0,0.0
1009011,2004,0.5,0.0,0.5,0.0,0.0,0.0,0.0
1009011,2005,0.3333333333333333,0.0,0.3333333333333333,0.0,0.0,0.3333333333333333,0.0
1009011,2006,0.8,0.0,0.2,0.0,0.0,0.0,0.0
1009011,2007,0.75,0.0,0.0,0.25,0.0,0.0,0.0
1009011,2008,1.0,0.0,0.0,0.0,0.0,0.0,0.0
1009011,2009,0.4,0.0,0.4,0.2,0.0,0.0,0.0
1009011,2010,1.0,0.0,0.0,0.0,0.0,0.0,0.0
1009011,2011,0.5,0.0,0.5,0.0,0.0,0.0,0.0
1009011,2012,0.3333333333333333,0.0,0.3333333333333333,0.3333333333333333,0.0,0.0,0.0
1009011,2013,0.25,0.0,0.25,0.5,0.0,0.0,0.0
1009011,2014,0.75,0.0,0.0,0.25,0.0,0.0,0.0
1009011,2015,1.0,0.0,0.0,0.0,0.0,0.0,0.0
1009011,2016,0.0,0.0,0.0,1.0,0.0,0.0,0.0
1009011,2017,0.5,0.0,0.25,0.25,0.0,0.0,0.0
1009011,2018,0.0,0.0,1.0,0.0,0.0,0.0,0.0
1009011,2019,0.5,0.0,0.25,0.0,0.0,0.25,0.0
1009011,2020,0.25,0.0,0.0,0.75,0.0,0.0,0.0
1009011,2021,0.6666666666666666,0.0,0.3333333333333333,0.0,0.0,0.0,0.0
1009011,2022,0.5,0.5,0.0,0.0,0.0,0.0,0.0
1009011,2023,0.6666666666666666,0.0,0.0,0.3333333333333333,0.0,0.0,0.0
1009011,2024,0.8,0.0,0.0,0.0,0.2,0.0,0.0
1009012,1981,0.0,0.0,0.0,0.0,0.0,0.6666666666666666,0.3333333333333333
1009012,1982,0.0,0.0,0.0,0.0,0.0,0.0,1.0
1009012,1983,0.0,0.0,0.0,0.0,0.0,1.0,0.0
1009012,1984,0.3333333333333333,0.0,0.0,0.0,0.0,0.3333333333333333,0.3333333333333333
1009012,1985,0.0,0.0,0.0,0.0,0.0,0.5,0.5
1009012,1986,0.0,0.0,0.0,0.0,0.0,1.0,0.0
1009012,1987,0.3333333333333333,0.0,0.0,0.0,0.0,0.3333333333333333,0.3333333333333333
1009012,1988,0.0,0.0,0.0,0.0,0.0,0.5,0.5
1009012,1989,0.0,0.0,0.0,0.0,0.0,0.0,1.0
1009012,1990,0.5,0.0,0.0,0.0,0.0,0.0,0.5
1009012,1991,0.0,0.0,1.0,0.0,0.0,0.0,0.0
1009012,1992,0.0,0.0,0.0,0.0,0.0,0.6666666666666666,0.3333333333333333
1009012,1993,0.6666666666666666,0.0,0.0,0.0,0.0,0.3333333333333333,0.0
1009012,1994,0.5,0.0,0.0,0.25,0.0,0.0,0.25
1009012,1995,0.0,0.0,0.5,0.0,0.0,0.0,0.5
1009012,1996,0.0,0.0,0.0,0.0,0.0,0.0,1.0
1009012,1997,0.25,0.0,0.0,0.25,0.0,0.25,0.25
1009012,1998,0.0,0.0,0.0,0.0,0.0,1.0,0.0
1009012,1999,0.4,0.0,0.2,0.0,0.0,0.4,0.0
1009012,2000,0.0,0.0,0.0,0.5,0.0,0.5,0.0
1009012,2001,0.6666666666666666,0.0,0.0,0.0,0.0,0.0,0.3333333333333333
1009012,2002,0.2,0.0,0.2,0.2,0.0,0.4,0.0
1009012,2003,0.25,0.0,0.25,0.0,0.0,0.5,0.0
1009012,2004,0.25,0.0,0.0,0.0,0.0,0.5,0.25
1009012,2005,0.0,0.0,0.0,0.0,0.0,0.0,1.0
1009012,2006,0.25,0.0,0.0,0.0,0.25,0.25,0.25
1009012,2007,0.0,0.0,1.0,0.0,0.0,0.0,0.0
1009012,2008,0.0,0.0,0.6,0.0,0.2,0.2,0.0
1009012,2009,0.25,0.0,0.25,0.0,0.0,0.5,0.0
1009012,2010,0.0,0.0,0.0,0.0,0.0,0.0,1.0
1009012,2011,0.0,0.0,0.5,0.0,0.0,0.0,0.5
1009012,2012,0.25,0.0,0.0,0.0,0.0,0.5,0.25
1009012,2013,0.75,0.0,0.0,0.0,0.0,0.25,0.0
1009012,2014,0.2,0.0,0.4,0.0,0.0,0.4,0.0
1009012,2015,0.0,0.0,0.0,0.5,0.0,0.0,0.5
1009012,2016,0.5,0.0,0.0,0.0,0.0,0.0,0.5
1009012,2017,0.0,0.0,0.0,0.0,0.5,0.0,0.5
1009012,2018,0.0,0.0,0.25,0.0,0.0,0.5,0.25
1009012,2019,0.0,0.0,0.0,0.0,0.0,0.0,1.0
1009012,2020,0.3333333333333333,0.0,0.0,0.0,0.0,0.3333333333333333,0.3333333333333333
1009012,2021,0.5,0.0,0.0,0.0,0.0,0.25,0.25
1009012,2022,0.0,0.0,0.5,0.0,0.0,0.5,0.0
1009012,2023,0.6666666666666666,0.0,0.0,0.0,0.0,0.0,0.3333333333333333
1009012,2024,0.0,0.0,0.0,0.3333333333333333,0.3333333333333333,0.3333333333333333,0.0
1009013,1981,0.25,0.0,0.5,0.0,0.0,0.25,0.0
1009013,1982,0.5,0.0,0.3333333333333333,0.0,0.16666666666666666,0.0,0.0
1009013,1983,0.7142857142857143,0.14285714285714285,0.14285714285714285,0.0,0.0,0.0,0.0
1009013,1984,0.6,0.0,0.0,0.2,0.0,0.2,0.0
1009013,1985,0.5,0.0,0.0,0.25,0.25,0.0,0.0
1009013,1986,0.25,0.0,0.5,0.0,0.0,0.25,0.0
1009013,1987,0.0,0.0,0.25,0.75,0.0,0.0,0.0
1009013,1988,0.6666666666666666,0.0,0.16666666666666666,0.0,0.0,0.16666666666666666,0.0
1009013,1989,0.4,0.0,0.2,0.2,0.0,0.2,0.0
1009013,1990,0.0,0.0,0.3333333333333333,0.3333333333333333,0.0,0.3333333333333333,0.0
1009013,1991,0.5,0.0,0.16666666666666666,0.16666666666666666,0.0,0.16666666666666666,0.0
1009013,1992,0.3333333333333333,0.0,0.3333333333333333,0.16666666666666666,0.0,0.16666666666666666,0.0
1009013,1993,0.8333333333333334,0.0,0.0,0.0,0.0,0.16666666666666666,0.0
1009013,1994,0.75,0.0,0.0,0.0,0.0,0.25,0.0
1009013,1995,0.25,0.0,0.5,0.0,0.0,0.25,0.0
1009013,1996,0.0,0.0,0.3333333333333333,0.3333333333333333,0.0,0.3333333333333333,0.0
1009013,1997,0.14285714285714285,0.14285714285714285,0.2857142857142857,0.2857142857142857,0.14285714285714285,0.0,0.0
1009013,1998,0.3333333333333333,0.0,0.0,0.3333333333333333,0.3333333333333333,0.0,0.0
1009013,1999,0.5,0.0,0.16666666666666666,0.3333333333333333,0.0,0.0,0.0
1009013,2000,0.6666666666666666,0.0,0.0,0.0,0.0,0.3333333333333333,0.0
1009013,2001,0.3333333333333333,0.0,0.0,0.0,0.3333333333333333,0.3333333333333333,0.0
1009013,2002,0.3333333333333333,0.0,0.0,0.6666666666666666,0.0,0.0,0.0
1009013,2003,0.75,0.0,0.0,0.0,0.0,0.25,0.0
1009013,2004,0.75,0.0,0.0,0.0,0.0,0.25,0.0
1009013,2005,0.16666666666666666,0.0,0.3333333333333333,0.3333333333333333,0.16666666666666666,0.0,0.0
1009013,2006,0.7142857142857143,0.0,0.0,0.14285714285714285,0.0,0.14285714285714285,0.0
1009013,2007,0.25,0.0,0.25,0.0,0.25,0.25,0.0
1009013,2008,0.5,0.0,0.3333333333333333,0.0,0.0,0.16666666666666666,0.0
1009013,2009,0.6,0.0,0.2,0.0,0.0,0.2,0.0
1009013,2010,0.8,0.0,0.0,0.0,0.0,0.0,0.2
1009013,2011,0.0,0.0,0.6666666666666666,0.0,0.0,0.3333333333333333,0.0
1009013,2012,0.3333333333333333,0.0,0.3333333333333333,0.0,0.0,0.3333333333333333,0.0
1009013,2013,0.4,0.0,0.2,0.2,0.0,0.2,0.0
1009013,2014,0.6,0.0,0.0,0.2,0.0,0.2,0.0
1009013,2015,0.0,0.0,0.0,0.0,0.0,1.0,0.0
1009013,2016,0.5,0.0,0.0,0.25,0.0,0.25,0.0
1009013,2017,0.4,0.0,0.4,0.0,0.0,0.2,0.0
1009013,2018,0.3333333333333333,0.0,0.3333333333333333,0.16666666666666666,0.16666666666666666,0.0,0.0
1009013,2019,0.2,0.0,0.4,0.0,0.0,0.4,0.0
1009013,2020,0.0,0.0,0.0,0.3333333333333333,0.0,0.6666666666666666,0.0
1009013,2021,0.2,0.0,0.2,0.4,0.2,0.0,0.0
1009013,2022,0.5,0.25,0.0,0.25,0.0,0.0,0.0
1009013,2023,0.6,0.0,0.2,0.0,0.0,0.2,0.0
1009013,2024,0.5,0.0,0.25,0.0,0.25,0.0,0.0
1009014,1981,0.5,0.0,0.16666666666666666,0.0,0.16666666666666666,0.0,0.16666666666666666
1009014,1982,0.2,0.0,0.2,0.2,0.2,0.0,0.2
1009014,1983,0.5,0.0,0.0,0.0,0.0,0.0,0.5
1009014,1984,0.25,0.0,0.0,0.5,0.0,0.0,0.25
1009014,1985,0.0,0.0,0.0,0.3333333333333333,0.3333333333333333,0.0,0.3333333333333333
1009014,1986,0.25,0.0,0.25,0.25,0.0,0.0,0.25
1009014,1987,0.25,0.0,0.0,0.25,0.0,0.5,0.0
1009014,1988,0.25,0.0,0.0,0.0,0.5,0.0,0.25
1009014,1989,0.4,0.0,0.0,0.2,0.2,0.0,0.2
1009014,1990,0.2,0.0,0.4,0.0,0.2,0.0,0.2
1009014,1991,0.0,0.0,0.5,0.0,0.0,0.0,0.5
1009014,1992,0.25,0.0,0.0,0.0,0.25,0.25,0.25
1009014,1993,0.5,0.0,0.0,0.25,0.0,0.0,0.25
1009014,1994,0.5,0.0,0.0,0.3333333333333333,0.0,0.0,0.16666666666666666
1009014,1995,0.3333333333333333,0.0,0.0,0.3333333333333333,0.0,0.0,0.3333333333333333
1009014,1996,0.5,0.0,0.0,0.0,0.0,0.25,0.25
1009014,1997,0.25,0.0,0.25,0.0,0.0,0.25,0.25
1009014,1998,0.6,0.0,0.0,0.2,0.0,0.2,0.0
1009014,1999,0.5,0.0,0.0,0.25,0.0,0.25,0.0
1009014,2000,0.0,0.0,0.0,0.5,0.0,0.0,0.5
1009014,2001,0.6,0.0,0.2,0.0,0.0,0.0,0.2
1009014,2002,0.4,0.0,0.4,0.0,0.0,0.0,0.2
1009014,2003,0.5,0.16666666666666666,0.16666666666666666,0.0,0.0,0.0,0.16666666666666666
1009014,2004,0.2,0.0,0.2,0.0,0.2,0.2,0.2
1009014,2005,0.6,0.0,0.0,0.2,0.0,0.0,0.2
1009014,2006,0.6,0.0,0.0,0.2,0.0,0.0,0.2
1009014,2007,0.25,0.0,0.25,0.0,0.25,0.0,0.25
1009014,2008,0.3333333333333333,0.0,0.3333333333333333,0.0,0.16666666666666666,0.0,0.16666666666666666
1009014,2009,0.25,0.0,0.25,0.0,0.0,0.5,0.0
1009014,2010,0.3333333333333333,0.0,0.3333333333333333,0.16666666666666666,0.0,0.0,0.16666666666666666
1009014,2011,0.0,0.0,0.3333333333333333,0.0,0.3333333333333333,0.0,0.3333333333333333
1009014,2012,0.0,0.2,0.4,0.2,0.2,0.0,0.0
1009014,2013,0.4,0.0,0.0,0.0,0.4,0.0,0.2
1009014,2014,0.3333333333333333,0.0,0.0,0.3333333333333333,0.0,0.0,0.3333333333333333
1009014,2015,0.25,0.0,0.0,0.0,0.25,0.25,0.25
1009014,2016,0.0,0.0,0.3333333333333333,0.3333333333333333,0.0,0.0,0.3333333333333333
1009014,2017,0.4,0.0,0.2,0.0,0.2,0.0,0.2
1009014,2018,0.3333333333333333,0.0,0.16666666666666666,0.3333333333333333,0.0,0.0,0.16666666666666666
1009014,2019,0.25,0.0,0.25,0.0,0.0,0.25,0.25
1009014,2020,0.3333333333333333,0.0,0.0,0.16666666666666666,0.16666666666666666,0.16666666666666666,0.16666666666666666
1009014,2021,0.4,0.0,0.2,0.0,0.2,0.0,0.2
1009014,2022,0.4,0.2,0.2,0.0,0.0,0.0,0.2
1009014,2023,0.25,0.0,0.0,0.5,0.0,0.0,0.25
1009014,2024,0.3333333333333333,0.3333333333333333,0.0,0.3333333333333333,0.0,0.0,0.0
1009015,1981,0.0,0.0,0.3333333333333333,0.0,0.3333333333333333,0.0,0.3333333333333333
1009015,1982,0.0,0.0,0.0,0.0,0.0,0.0,1.0
1009015,1983,0.3333333333333333,0.0,0.0,0.0,0.3333333333333333,0.0,0.3333333333333333
1009015,1984,0.0,0.0,0.0,0.5,0.0,0.0,0.5
1009015,1985,0.3333333333333333,0.0,0.0,0.0,0.0,0.0,0.6666666666666666
1009015,1986,0.0,0.0,0.0,0.0,0.0,0.0,1.0
1009015,1987,0.0,0.0,0.0,0.0,0.0,0.0,1.0
1009015,1988,0.0,0.0,0.0,0.0,0.0,0.0,1.0
1009015,1990,0.0,0.0,0.0,0.0,1.0,0.0,0.0
1009015,1991,0.0,0.0,0.0,0.0,0.5,0.0,0.5
1009015,1992,0.0,0.0,0.0,0.0,0.0,0.0,1.0
1009015,1994,0.0,0.0,0.0,0.0,0.6666666666666666,0.0,0.3333333333333333
1009015,1995,0.0,0.0,0.0,0.0,0.0,0.0,1.0
1009015,1996,0.0,0.5,0.0,0.0,0.0,0.0,0.5
1009015,1997,0.0,0.0,0.25,0.25,0.0,0.0,0.5
1009015,1998,1.0,0.0,0.0,0.0,0.0,0.0,0.0
1009015,1999,0.0,0.0,0.0,0.0,0.0,0.5,0.5
1009015,2000,0.3333333333333333,0.0,0.3333333333333333,0.0,0.0,0.0,0.3333333333333333
1009015,2001,0.3333333333333333,0.0,0.3333333333333333,0.0,0.0,0.0,0.3333333333333333
1009015,2002,0.4,0.0,0.2,0.0,0.2,0.0,0.2
1009015,2003,0.0,0.0,0.0,0.0,0.0,0.0,1.0
1009015,2004,0.5,0.0,0.0,0.0,0.0,0.0,0.5
1009015,2005,0.6666666666666666,0.0,0.0,0.0,0.0,0.0,0.3333333333333333
1009015,2006,0.5,0.0,0.0,0.0,0.5,0.0,0.0
1009015,2007,0.3333333333333333,0.0,0.0,0.0,0.3333333333333333,0.0,0.3333333333333333
1009015,2008,0.4,0.2,0.2,0.0,0.0,0.0,0.2
1009015,2009,0.3333333333333333,0.0,0.3333333333333333,0.0,0.0,0.0,0.3333333333333333
1009015,2010,0.5,0.25,0.0,0.0,0.0,0.0,0.25
1009015,2011,0.0,0.0,0.5,0.0,0.0,0.0,0.5
1009015,2012,0.3333333333333333,0.0,0.3333333333333333,0.0,0.0,0.0,0.3333333333333333
1009015,2013,0.0,0.0,0.0,0.0,0.0,0.0,1.0
1009015,2014,1.0,0.0,0.0,0.0,0.0,0.0,0.0
1009015,2015,0.0,0.0,0.0,0.0,0.0,0.0,1.0
1009015,2016,0.0,0.0,0.0,0.0,0.5,0.0,0.5
1009015,2017,0.2,0.0,0.4,0.0,0.2,0.0,0.2
1009015,2018,0.5,0.0,0.0,0.0,0.0,0.0,0.5
1009015,2019,0.5,0.0,0.0,0.0,0.0,0.0,0.5
1009015,2020,0.0,0.0,0.0,0.0,0.6666666666666666,0.0,0.3333333333333333
1009015,2021,0.5,0.25,0.0,0.0,0.0,0.0,0.25
1009015,2022,0.0,0.0,0.0,0.0,0.0,0.0,1.0
1009015,2024,0.5,0.0,0.0,0.0,0.0,0.0,0.5
1009016,1981,0.75,0.0,0.0,0.25,0.0,0.0,0.0
1009016,1982,0.5,0.0,0.25,0.0,0.0,0.25,0.0
1009016,1983,0.0,0.0,0.0,1.0,0.0,0.0,0.0
1009016,1984,0.0,0.0,0.0,1.0,0.0,0.0,0.0
1009016,1985,0.6666666666666666,0.0,0.0,0.3333333333333333,0.0,0.0,0.0
1009016,1986,0.3333333333333333,0.0,0.6666666666666666,0.0,0.0,0.0,0.0
1009016,1987,0.5,0.0,0.0,0.5,0.0,0.0,0.0
1009016,1988,0.8,0.0,0.0,0.0,0.2,0.0,0.0
1009016,1989,0.6666666666666666,0.0,0.3333333333333333,0.0,0.0,0.0,0.0
1009016,1990,0.5,0.0,0.0,0.5,0.0,0.0,0.0
1009016,1991,0.0,0.0,0.0,0.0,0.0,1.0,0.0
1009016,1992,0.0,0.0,0.0,1.0,0.0,0.0,0.0
1009016,1993,0.5,0.0,0.0,0.5,0.0,0.0,0.0
1009016,1994,0.5,0.0,0.0,0.0,0.0,0.5,0.0
1009016,1995,0.0,0.0,0.6666666666666666,0.3333333333333333,0.0,0.0,0.0
1009016,1996,1.0,0.0,0.0,0.0,0.0,0.0,0.0
1009016,1997,0.3333333333333333,0.0,0.0,0.6666666666666666,0.0,0.0,0.0
1009016,1998,0.5,0.0,0.25,0.25,0.0,0.0,0.0
1009016,1999,0.0,0.0,0.0,1.0,0.0,0.0,0.0
1009016,2000,0.0,0.0,1.0,0.0,0.0,0.0,0.0
1009016,2001,0.3333333333333333,0.0,0.3333333333333333,0.3333333333333333,0.0,0.0,0.0
1009016,2003,0.5,0.0,0.25,0.0,0.25,0.0,0.0
1009016,2004,0.0,0.0,0.5,0.0,0.0,0.5,0.0
1009016,2005,1.0,0.0,0.0,0.0,0.0,0.0,0.0
1009016,2006,0.6,0.0,0.2,0.2,0.0,0.0,0.0
1009016,2007,0.2,0.0,0.4,0.4,0.0,0.0,0.0
1009016,2008,0.25,0.0,0.5,0.25,0.0,0.0,0.0
1009016,2009,0.3333333333333333,0.0,0.6666666666666666,0.0,0.0,0.0,0.0
1009016,2010,0.8,0.0,0.2,0.0,0.0,0.0,0.0
1009016,2011,0.4,0.0,0.0,0.6,0.0,0.0,0.0
1009016,2012,0.5,0.0,0.5,0.0,0.0,0.0,0.0
1009016,2013,0.25,0.0,0.5,0.25,0.0,0.0,0.0
1009016,2014,0.8,0.0,0.2,0.0,0.0,0.0,0.0
1009016,2015,0.3333333333333333,0.0,0.3333333333333333,0.3333333333333333,0.0,0.0,0.0
1009016,2016,0.3333333333333333,0.0,0.3333333333333333,0.3333333333333333,0.0,0.0,0.0
1009016,2017,0.5,0.0,0.3333333333333333,0.0,0.16666666666666666,0.0,0.0
1009016,2018,0.5,0.0,0.5,0.0,0.0,0.0,0.0
1009016,2019,0.5,0.0,0.3333333333333333,0.0,0.0,0.16666666666666666,0.0
1009016,2020,0.4,0.0,0.0,0.6,0.0,0.0,0.0
1009016,2021,0.6666666666666666,0.0,0.0,0.3333333333333333,0.0,0.0,0.0
1009016,2022,0.5,0.5,0.0,0.0,0.0,0.0,0.0
1009016,2023,0.5,0.0,0.25,0.25,0.0,0.0,0.0
1009016,2024,0.3333333333333333,0.0,0.0,0.6666666666666666,0.0,0.0,0.0
1009017,1981,0.42857142857142855,0.14285714285714285,0.0,0.0,0.14285714285714285,0.14285714285714285,0.14285714285714285
1009017,1982,0.25,0.0,0.0,0.0,0.5,0.25,0.0
1009017,1983,0.0,0.0,0.0,0.3333333333333333,0.0,0.3333333333333333,0.3333333333333333
1009017,1984,0.25,0.0,0.25,0.0,0.0,0.5,0.0
1009017,1985,0.0,0.0,0.25,0.0,0.0,0.75,0.0
1009017,1986,0.2,0.0,0.4,0.0,0.2,0.2,0.0
1009017,1987,0.25,0.25,0.0,0.0,0.0,0.25,0.25
1009017,1988,0.0,0.0,0.0,0.5,0.0,0.5,0.0
1009017,1989,0.0,0.0,0.25,0.0,0.25,0.5,0.0
1009017,1990,0.3333333333333333,0.0,0.0,0.0,0.0,0.6666666666666666,0.0
1009017,1991,0.3333333333333333,0.0,0.3333333333333333,0.0,0.0,0.3333333333333333,0.0
1009017,1992,0.25,0.0,0.25,0.0,0.0,0.5,0.0
1009017,1993,0.6,0.0,0.0,0.0,0.0,0.4,0.0
1009017,1994,0.5,0.0,0.0,0.25,0.0,0.0,0.25
1009017,1995,0.3333333333333333,0.0,0.3333333333333333,0.0,0.0,0.0,0.3333333333333333
1009017,1996,0.0,0.0,0.0,0.0,0.0,1.0,0.0
1009017,1997,0.0,0.0,0.6666666666666666,0.0,0.0,0.0,0.3333333333333333
1009017,1998,0.0,0.0,0.0,0.0,0.0,1.0,0.0
1009017,1999,0.25,0.0,0.25,0.0,0.0,0.5,0.0
1009017,2000,0.25,0.0,0.0,0.5,0.0,0.25,0.0
1009017,2001,0.6666666666666666,0.0,0.0,0.0,0.0,0.0,0.3333333333333333
1009017,2002,0.3333333333333333,0.0,0.16666666666666666,0.0,0.16666666666666666,0.3333333333333333,0.0
1009017,2003,0.25,0.0,0.25,0.0,0.0,0.5,0.0
1009017,2004,0.25,0.0,0.0,0.0,0.25,0.5,0.0
1009017,2005,0.25,0.0,0.0,0.25,0.25,0.25,0.0
1009017,2006,0.2,0.0,0.0,0.2,0.2,0.4,0.0
1009017,2007,0.0,0.0,0.3333333333333333,0.0,0.0,0.3333333333333333,0.3333333333333333
1009017,2008,0.3333333333333333,0.0,0.3333333333333333,0.0,0.0,0.16666666666666666,0.16666666666666666
1009017,2009,0.25,0.0,0.0,0.0,0.5,0.25,0.0
1009017,2010,0.0,0.0,0.0,0.0,0.0,0.5,0.5
1009017,2011,0.25,0.0,0.0,0.0,0.5,0.0,0.25
1009017,2012,0.4,0.0,0.0,0.2,0.0,0.4,0.0
1009017,2013,0.5,0.0,0.0,0.0,0.0,0.0,0.5
1009017,2014,0.5,0.0,0.0,0.0,0.0,0.5,0.0
1009017,2015,0.25,0.0,0.0,0.25,0.0,0.25,0.25
1009017,2016,0.0,0.0,0.0,0.0,0.5,0.0,0.5
1009017,2017,0.25,0.0,0.0,0.25,0.25,0.0,0.25
1009017,2018,0.3333333333333333,0.0,0.0,0.0,0.0,0.3333333333333333,0.3333333333333333
1009017,2019,0.0,0.0,0.0,0.0,0.0,0.0,1.0
1009017,2020,0.6666666666666666,0.0,0.0,0.0,0.0,0.0,0.3333333333333333
1009017,2021,0.5,0.0,0.0,0.0,0.25,0.0,0.25
1009017,2022,0.0,0.0,0.25,0.5,0.0,0.25,0.0
1009017,2023,0.6666666666666666,0.0,0.0,0.0,0.0,0.0,0.3333333333333333
1009017,2024,0.0,0.0,0.0,0.3333333333333333,0.3333333333333333,0.3333333333333333,0.0
1009018,1981,0.2,0.2,0.4,0.0,0.2,0.0,0.0
1009018,1982,0.7142857142857143,0.0,0.0,0.0,0.14285714285714285,0.14285714285714285,0.0
1009018,1983,0.5,0.0,0.0,0.25,0.0,0.0,0.25
1009018,1984,0.5,0.0,0.0,0.25,0.0,0.0,0.25
1009018,1985,0.0,0.0,0.5,0.0,0.0,0.0,0.5
1009018,1986,0.5,0.0,0.25,0.0,0.0,0.25,0.0
1009018,1987,0.5,0.0,0.16666666666666666,0.16666666666666666,0.0,0.16666666666666666,0.0
1009018,1988,0.0,0.0,0.25,0.25,0.25,0.0,0.25
1009018,1989,0.25,0.0,0.25,0.25,0.0,0.0,0.25
1009018,1990,0.5,0.0,0.16666666666666666,0.0,0.16666666666666666,0.16666666666666666,0.0
1009018,1991,0.25,0.0,0.25,0.25,0.0,0.25,0.0
1009018,1992,0.4,0.0,0.2,0.0,0.0,0.4,0.0
1009018,1993,0.3333333333333333,0.0,0.0,0.3333333333333333,0.0,0.0,0.3333333333333333
1009018,1994,0.5,0.0,0.0,0.25,0.0,0.25,0.0
1009018,1995,0.0,0.0,0.0,0.6666666666666666,0.0,0.0,0.3333333333333333
1009018,1996,0.0,0.0,0.0,0.6666666666666666,0.0,0.0,0.3333333333333333
1009018,1997,0.0,0.0,0.5,0.25,0.0,0.0,0.25
1009018,1998,0.6666666666666666,0.0,0.16666666666666666,0.0,0.0,0.16666666666666666,0.0
1009018,1999,0.6,0.0,0.2,0.0,0.0,0.2,0.0
1009018,2000,0.5,0.0,0.25,0.0,0.0,0.25,0.0
1009018,2001,0.3333333333333333,0.0,0.3333333333333333,0.0,0.0,0.3333333333333333,0.0
1009018,2002,0.0,0.0,0.5,0.0,0.0,0.5,0.0
1009018,2003,0.3333333333333333,0.0,0.0,0.0,0.3333333333333333,0.3333333333333333,0.0
1009018,2004,0.25,0.0,0.5,0.0,0.0,0.25,0.0
1009018,2005,0.5,0.0,0.0,0.0,0.3333333333333333,0.16666666666666666,0.0
1009018,2006,0.5714285714285714,0.0,0.14285714285714285,0.14285714285714285,0.0,0.0,0.14285714285714285
1009018,2007,0.3333333333333333,0.0,0.0,0.0,0.0,0.3333333333333333,0.3333333333333333
1009018,2008,0.4,0.0,0.4,0.0,0.0,0.0,0.2
1009018,2009,0.4,0.0,0.4,0.0,0.0,0.2,0.0
1009018,2010,0.5,0.0,0.25,0.0,0.0,0.0,0.25
1009018,2011,0.0,0.0,0.3333333333333333,0.3333333333333333,0.0,0.0,0.3333333333333333
1009018,2012,0.5714285714285714,0.14285714285714285,0.14285714285714285,0.14285714285714285,0.0,0.0,0.0
1009018,2013,0.4,0.0,0.2,0.0,0.2,0.0,0.2
1009018,2014,0.0,0.25,0.25,0.5,0.0,0.0,0.0
1009018,2015,0.5,0.0,0.0,0.0,0.0,0.25,0.25
1009018,2016,0.5,0.0,0.0,0.25,0.0,0.0,0.25
1009018,2017,0.6666666666666666,0.0,0.0,0.16666666666666666,0.0,0.16666666666666666,0.0
1009018,2018,0.5,0.0,0.0,0.25,0.0,0.0,0.25
1009018,2019,0.3333333333333333,0.0,0.0,0.0,0.0,0.3333333333333333,0.3333333333333333
1009018,2020,0.0,0.0,0.2,0.4,0.2,0.0,0.2
1009018,2021,0.25,0.0,0.25,0.25,0.0,0.0,0.25
1009018,2022,0.0,0.0,0.0,0.3333333333333333,0.3333333333333333,0.0,0.3333333333333333
1009018,2023,0.5,0.0,0.0,0.25,0.0,0.0,0.25
1009018,2024,0.25,0.25,0.25,0.25,0.0,0.0,0.0
1009019,1981,1.0,0.0,0.0,0.0,0.0,0.0,0.0
1009019,1982,0.6666666666666666,0.0,0.3333333333333333,0.0,0.0,0.0,0.0
1009019,1983,0.5,0.0,0.0,0.5,0.0,0.0,0.0
1009019,1984,0.5,0.0,0.0,0.5,0.0,0.0,0.0
1009019,1985,1.0,0.0,0.0,0.0,0.0,0.0,0.0
1009019,1986,0.0,0.0,1.0,0.0,0.0,0.0,0.0
1009019,1988,0.0,0.0,0.0,1.0,0.0,0.0,0.0
1009019,1989,1.0,0.0,0.0,0.0,0.0,0.0,0.0
1009019,1990,0.6666666666666666,0.0,0.0,0.3333333333333333,0.0,0.0,0.0
1009019,1992,0.3333333333333333,0.0,0.3333333333333333,0.3333333333333333,0.0,0.0,0.0
1009019,1994,0.0,0.0,0.0,0.0,0.0,1.0,0.0
1009019,1995,0.0,0.0,1.0,0.0,0.0,0.0,0.0
1009019,1996,0.0,0.0,0.0,1.0,0.0,0.0,0.0
1009019,1997,0.6666666666666666,0.0,0.0,0.3333333333333333,0.0,0.0,0.0
1009019,1998,1.0,0.0,0.0,0.0,0.0,0.0,0.0
1009019,1999,0.6666666666666666,0.0,0.0,0.3333333333333333,0.0,0.0,0.0
1009019,2001,0.6666666666666666,0.0,0.0,0.3333333333333333,0.0,0.0,0.0
1009019,2003,0.6666666666666666,0.0,0.0,0.3333333333333333,0.0,0.0,0.0
1009019,2005,1.0,0.0,0.0,0.0,0.0,0.0,0.0
1009019,2006,0.5,0.0,0.0,0.5,0.0,0.0,0.0
1009019,2007,0.8,0.0,0.2,0.0,0.0,0.0,0.0
1009019,2008,0.5,0.0,0.5,0.0,0.0,0.0,0.0
1009019,2009,0.75,0.0,0.25,0.0,0.0,0.0,0.0
1009019,2010,0.75,0.0,0.25,0.0,0.0,0.0,0.0
1009019,2011,0.75,0.0,0.0,0.25,0.0,0.0,0.0
1009019,2012,0.5,0.0,0.5,0.0,0.0,0.0,0.0
1009019,2013,0.3333333333333333,0.0,0.3333333333333333,0.3333333333333333,0.0,0.0,0.0
1009019,2014,0.5,0.0,0.5,0.0,0.0,0.0,0.0
1009019,2015,0.6666666666666666,0.0,0.0,0.3333333333333333,0.0,0.0,0.0
1009019,2016,0.5,0.0,0.25,0.25,0.0,0.0,0.0
1009019,2017,0.5,0.0,0.5,0.0,0.0,0.0,0.0
1009019,2018,1.0,0.0,0.0,0.0,0.0,0.0,0.0
1009019,2019,0.2,0.0,0.4,0.4,0.0,0.0,0.0
1009019,2020,0.5,0.0,0.0,0.5,0.0,0.0,0.0
1009019,2021,0.6666666666666666,0.0,0.3333333333333333,0.0,0.0,0.0,0.0
1009019,2022,0.75,0.25,0.0,0.0,0.0,0.0,0.0
1009019,2023,0.5,0.0,0.25,0.0,0.25,0.0,0.0
1009019,2024,0.0,0.0,1.0,0.0,0.0,0.0,0.0
1009020,1981,0.5,0.0,0.25,0.0,0.0,0.0,0.25
1009020,1982,0.2,0.0,0.0,0.0,0.4,0.4,0.0
1009020,1983,0.3333333333333333,0.0,0.0,0.3333333333333333,0.0,0.0,0.3333333333333333
1009020,1984,0.25,0.0,0.0,0.25,0.25,0.0,0.25
1009020,1985,0.3333333333333333,0.0,0.0,0.0,0.3333333333333333,0.0,0.3333333333333333
1009020,1986,0.0,0.0,0.0,0.0,0.6666666666666666,0.0,0.3333333333333333
1009020,1987,0.0,0.0,0.0,0.0,0.0,0.5,0.5
1009020,1988,0.3333333333333333,0.0,0.0,0.3333333333333333,0.0,0.3333333333333333,0.0
1009020,1989,0.4,0.0,0.0,0.0,0.0,0.6,0.0
1009020,1990,0.0,0.0,0.25,0.0,0.5,0.25,0.0
1009020,1991,0.0,0.0,0.3333333333333333,0.0,0.0,0.3333333333333333,0.3333333333333333
1009020,1992,0.5,0.0,0.0,0.25,0.0,0.0,0.25
1009020,1993,0.25,0.0,0.25,0.0,0.25,0.0,0.25
1009020,1994,0.6,0.0,0.0,0.0,0.2,0.0,0.2
1009020,1995,0.0,0.0,0.3333333333333333,0.0,0.3333333333333333,0.0,0.3333333333333333
1009020,1996,0.2,0.4,0.2,0.0,0.0,0.0,0.2
1009020,1997,0.4,0.0,0.2,0.0,0.0,0.0,0.4
1009020,1999,0.0,0.0,0.0,0.0,0.3333333333333333,0.6666666666666666,0.0
1009020,2000,0.25,0.0,0.25,0.25,0.0,0.0,0.25
1009020,2001,0.25,0.0,0.25,0.0,0.0,0.5,0.0
1009020,2002,0.6,0.0,0.0,0.2,0.0,0.0,0.2
1009020,2003,0.0,0.0,0.3333333333333333,0.0,0.0,0.3333333333333333,0.3333333333333333
1009020,2004,0.4,0.0,0.0,0.0,0.2,0.0,0.4
1009020,2005,0.6666666666666666,0.0,0.0,0.0,0.0,0.3333333333333333,0.0
1009020,2006,0.0,0.0,0.0,0.0,0.5,0.5,0.0
1009020,2007,0.0,0.0,0.0,0.0,0.5,0.0,0.5
1009020,2008,0.0,0.0,0.3333333333333333,0.0,0.0,0.0,0.6666666666666666
1009020,2009,0.3333333333333333,0.0,0.0,0.0,0.3333333333333333,0.0,0.3333333333333333
1009020,2010,0.3333333333333333,0.3333333333333333,0.0,0.0,0.0,0.0,0.3333333333333333
1009020,2011,0.3333333333333333,0.0,0.3333333333333333,0.0,0.0,0.0,0.3333333333333333
1009020,2012,0.3333333333333333,0.0,0.3333333333333333,0.0,0.0,0.0,0.3333333333333333
1009020,2013,0.0,0.0,0.25,0.25,0.25,0.0,0.25
1009020,2014,0.0,0.0,0.0,0.0,0.0,0.0,1.0
1009020,2015,0.0,0.0,0.0,0.0,0.0,0.0,1.0
1009020,2016,0.0,0.0,0.0,0.0,0.5,0.0,0.5
1009020,2017,0.25,0.25,0.0,0.25,0.0,0.0,0.25
1009020,2018,0.3333333333333333,0.0,0.0,0.0,0.0,0.0,0.6666666666666666
1009020,2019,0.0,0.0,0.0,0.0,0.0,0.5,0.5
1009020,2020,0.3333333333333333,0.0,0.0,0.0,0.3333333333333333,0.16666666666666666,0.16666666666666666
1009020,2021,0.2,0.0,0.2,0.0,0.2,0.4,0.0
1009020,2022,0.25,0.0,0.25,0.0,0.25,0.0,0.25
1009020,2023,0.6666666666666666,0.0,0.0,0.0,0.0,0.0,0.3333333333333333
1009020,2024,0.3333333333333333,0.3333333333333333,0.0,0.0,0.3333333333333333,0.0,0.0
1009021,1981,0.2,0.0,0.4,0.0,0.0,0.0,0.4
1009021,1982,0.3333333333333333,0.0,0.0,0.0,0.3333333333333333,0.3333333333333333,0.0
1009021,1983,0.3333333333333333,0.0,0.0,0.0,0.3333333333333333,0.0,0.3333333333333333
1009021,1984,0.0,0.0,0.0,0.0,0.5,0.25,0.25
1009021,1985,0.0,0.0,0.0,0.0,0.25,0.5,0.25
1009021,1986,0.0,0.3333333333333333,0.0,0.0,0.3333333333333333,0.0,0.3333333333333333
1009021,1987,0.0,0.3333333333333333,0.0,0.0,0.0,0.3333333333333333,0.3333333333333333
1009021,1988,0.0,0.0,0.0,0.0,0.3333333333333333,0.3333333333333333,0.3333333333333333
1009021,1989,0.0,0.0,0.0,0.0,0.3333333333333333,0.3333333333333333,0.3333333333333333
1009021,1990,0.25,0.25,0.25,0.0,0.0,0.25,0.0
1009021,1991,0.25,0.0,0.25,0.0,0.0,0.25,0.25
1009021,1992,0.0,0.0,0.0,0.0,0.0,0.6666666666666666,0.3333333333333333
1009021,1993,0.6,0.0,0.0,0.0,0.2,0.2,0.0
1009021,1994,0.5,0.0,0.0,0.0,0.16666666666666666,0.16666666666666666,0.16666666666666666
1009021,1995,0.3333333333333333,0.0,0.3333333333333333,0.0,0.0,0.0,0.3333333333333333
1009021,1996,0.0,0.0,0.0,0.3333333333333333,0.0,0.3333333333333333,0.3333333333333333
1009021,1997,0.5,0.0,0.0,0.0,0.25,0.0,0.25
1009021,1998,0.3333333333333333,0.0,0.0,0.0,0.0,0.3333333333333333,0.3333333333333333
1009021,1999,0.0,0.0,0.0,0.0,0.25,0.75,0.0
1009021,2000,0.0,0.0,0.25,0.0,0.5,0.0,0.25
1009021,2001,0.5,0.0,0.0,0.0,0.0,0.25,0.25
1009021,2002,0.42857142857142855,0.0,0.2857142857142857,0.0,0.0,0.14285714285714285,0.14285714285714285
1009021,2003,0.2,0.2,0.2,0.0,0.0,0.2,0.2
1009021,2004,0.3333333333333333,0.0,0.0,0.0,0.0,0.3333333333333333,0.3333333333333333
1009021,2005,0.5,0.0,0.0,0.0,0.0,0.25,0.25
1009021,2006,0.6,0.0,0.0,0.0,0.2,0.0,0.2
1009021,2007,0.0,0.0,0.5,0.0,0.0,0.0,0.5
1009021,2008,0.42857142857142855,0.14285714285714285,0.14285714285714285,0.0,0.14285714285714285,0.0,0.14285714285714285
1009021,2009,0.25,0.0,0.25,0.0,0.0,0.0,0.5
1009021,2010,0.3333333333333333,0.3333333333333333,0.0,0.0,0.0,0.0,0.3333333333333333
1009021,2011,0.25,0.0,0.25,0.0,0.0,0.25,0.25
1009021,2012,0.4,0.2,0.2,0.0,0.0,0.2,0.0
1009021,2013,0.5,0.0,0.0,0.0,0.0,0.25,0.25
1009021,2014,0.0,0.0,0.0,0.0,0.0,0.0,1.0
1009021,2015,0.0,0.0,0.0,0.0,0.3333333333333333,0.0,0.6666666666666666
1009021,2016,0.3333333333333333,0.0,0.3333333333333333,0.0,0.0,0.0,0.3333333333333333
1009021,2017,0.25,0.25,0.0,0.0,0.25,0.0,0.25
1009021,2018,0.2,0.4,0.0,0.0,0.2,0.0,0.2
1009021,2019,0.0,0.0,0.0,0.0,0.3333333333333333,0.0,0.6666666666666666
1009021,2020,0.25,0.0,0.25,0.0,0.0,0.0,0.5
1009021,2021,0.5714285714285714,0.14285714285714285,0.0,0.0,0.0,0.14285714285714285,0.14285714285714285
1009021,2022,0.2,0.0,0.2,0.2,0.2,0.0,0.2
1009021,2023,0.0,0.0,0.0,0.0,0.0,0.0,1.0
1009021,2024,0.0,0.3333333333333333,0.3333333333333333,0.0,0.0,0.3333333333333333,0.0
1009022,1981,0.5,0.0,0.0,0.0,0.5,0.0,0.0
1009022,1982,0.5,0.0,0.0,0.0,0.5,0.0,0.0
1009022,1983,0.5,0.5,0.0,0.0,0.0,0.0,0.0
1009022,1984,0.3333333333333333,0.3333333333333333,0.3333333333333333,0.0,0.0,0.0,0.0
1009022,1985,0.0,1.0,0.0,0.0,0.0,0.0,0.0
1009022,1986,0.5,0.0,0.0,0.0,0.5,0.0,0.0
1009022,1987,1.0,0.0,0.0,0.0,0.0,0.0,0.0
1009022,1988,0.0,0.5,0.5,0.0,0.0,0.0,0.0
1009022,1989,0.0,1.0,0.0,0.0,0.0,0.0,0.0
1009022,1990,0.6666666666666666,0.0,0.0,0.0,0.3333333333333333,0.0,0.0
1009022,1991,0.5,0.0,0.5,0.0,0.0,0.0,0.0
1009022,1992,0.6666666666666666,0.3333333333333333,0.0,0.0,0.0,0.0,0.0
1009022,1993,0.5,0.5,0.0,0.0,0.0,0.0,0.0
1009022,1994,0.0,1.0,0.0,0.0,0.0,0.0,0.0
1009022,1995,0.5,0.5,0.0,0.0,0.0,0.0,0.0
1009022,1996,0.3333333333333333,0.0,0.3333333333333333,0.0,0.3333333333333333,0.0,0.0
1009022,1997,0.0,0.0,0.0,0.0,1.0,0.0,0.0
1009022,1998,0.6,0.0,0.4,0.0,0.0,0.0,0.0
1009022,1999,0.0,0.0,0.5,0.5,0.0,0.0,0.0
1009022,2000,0.0,0.5,0.5,0.0,0.0,0.0,0.0
1009022,2001,0.5,0.0,0.0,0.0,0.5,0.0,0.0
1009022,2002,1.0,0.0,0.0,0.0,0.0,0.0,0.0
1009022,2003,0.5,0.5,0.0,0.0,0.0,0.0,0.0
1009022,2004,0.3333333333333333,0.0,0.6666666666666666,0.0,0.0,0.0,0.0
1009022,2005,0.0,0.0,0.6666666666666666,0.0,0.3333333333333333,0.0,0.0
1009022,2006,0.0,0.5,0.5,0.0,0.0,0.0,0.0
1009022,2007,0.25,0.5,0.0,0.0,0.25,0.0,0.0
1009022,2008,0.5,0.0,0.0,0.0,0.5,0.0,0.0
1009022,2009,0.5,0.5,0.0,0.0,0.0,0.0,0.0
1009022,2010,0.5,0.5,0.0,0.0,0.0,0.0,0.0
1009022,2011,0.0,1.0,0.0,0.0,0.0,0.0,0.0
1009022,2012,0.0,1.0,0.0,0.0,0.0,0.0,0.0
1009022,2013,0.3333333333333333,0.0,0.3333333333333333,0.0,0.3333333333333333,0.0,0.0
1009022,2014,0.0,0.0,0.5,0.0,0.5,0.0,0.0
1009022,2015,0.25,0.25,0.5,0.0,0.0,0.0,0.0
1009022,2016,0.75,0.25,0.0,0.0,0.0,0.0,0.0
1009022,2017,0.0,1.0,0.0,0.0,0.0,0.0,0.0
1009022,2018,0.5,0.0,0.0,0.0,0.5,0.0,0.0
1009022,2019,0.5,0.5,0.0,0.0,0.0,0.0,0.0
1009022,2020,0.5,0.5,0.0,0.0,0.0,0.0,0.0
1009022,2021,0.3333333333333333,0.6666666666666666,0.0,0.0,0.0,0.0,0.0
1009022,2022,0.0,1.0,0.0,0.0,0.0,0.0,0.0
1009022,2023,0.6666666666666666,0.3333333333333333,0.0,0.0,0.0,0.0,0.0
1009022,2024,0.0,0.0,0.0,0.0,1.0,0.0,0.0
1009023,1981,0.25,0.0,0.5,0.0,0.25,0.0,0.0
1009023,1982,0.5,0.0,0.0,0.5,0.0,0.0,0.0
1009023,1983,0.75,0.0,0.0,0.0,0.25,0.0,0.0
1009023,1984,0.3333333333333333,0.0,0.0,0.3333333333333333,0.3333333333333333,0.0,0.0
1009023,1985,0.0,0.0,0.0,1.0,0.0,0.0,0.0
1009023,1986,0.0,0.0,0.0,0.0,0.0,1.0,0.0
1009023,1987,0.25,0.0,0.5,0.25,0.0,0.0,0.0
1009023,1988,0.6666666666666666,0.0,0.0,0.0,0.3333333333333333,0.0,0.0
1009023,1989,0.6,0.0,0.2,0.0,0.2,0.0,0.0
1009023,1990,0.5,0.0,0.5,0.0,0.0,0.0,0.0
1009023,1991,1.0,0.0,0.0,0.0,0.0,0.0,0.0
1009023,1992,0.75,0.0,0.0,0.0,0.25,0.0,0.0
1009023,1993,1.0,0.0,0.0,0.0,0.0,0.0,0.0
1009023,1994,0.0,0.0,0.0,1.0,0.0,0.0,0.0
1009023,1995,0.5,0.0,0.25,0.0,0.25,0.0,0.0
1009023,1996,0.25,0.0,0.25,0.5,0.0,0.0,0.0
1009023,1997,0.0,0.0,0.75,0.25,0.0,0.0,0.0
1009023,1998,0.6,0.0,0.2,0.2,0.0,0.0,0.0
1009023,1999,0.6666666666666666,0.0,0.0,0.3333333333333333,0.0,0.0,0.0
1009023,2000,0.5,0.0,0.0,0.0,0.5,0.0,0.0
1009023,2001,0.5,0.0,0.0,0.0,0.0,0.5,0.0
1009023,2002,1.0,0.0,0.0,0.0,0.0,0.0,0.0
1009023,2003,0.6666666666666666,0.0,0.0,0.3333333333333333,0.0,0.0,0.0
1009023,2004,0.5,0.0,0.0,0.5,0.0,0.0,0.0
1009023,2005,0.4,0.0,0.2,0.4,0.0,0.0,0.0
1009023,2006,0.6,0.0,0.2,0.2,0.0,0.0,0.0
1009023,2007,0.6,0.0,0.2,0.0,0.0,0.2,0.0
1009023,2008,0.8,0.0,0.0,0.0,0.2,0.0,0.0
1009023,2009,0.8333333333333334,0.0,0.16666666666666666,0.0,0.0,0.0,0.0
1009023,2010,0.6,0.0,0.2,0.0,0.2,0.0,0.0
1009023,2011,0.5,0.0,0.25,0.0,0.0,0.25,0.0
1009023,2012,0.3333333333333333,0.0,0.0,0.3333333333333333,0.3333333333333333,0.0,0.0
1009023,2013,0.5,0.0,0.0,0.25,0.0,0.25,0.0
1009023,2014,0.8333333333333334,0.0,0.0,0.16666666666666666,0.0,0.0,0.0
1009023,2015,0.5,0.0,0.0,0.25,0.0,0.25,0.0
1009023,2016,0.3333333333333333,0.0,0.0,0.3333333333333333,0.0,0.3333333333333333,0.0
1009023,2017,0.5,0.0,0.3333333333333333,0.0,0.16666666666666666,0.0,0.0
1009023,2018,0.0,0.0,0.0,0.0,0.0,1.0,0.0
1009023,2019,0.5,0.0,0.25,0.125,0.0,0.125,0.0
1009023,2020,0.5714285714285714,0.0,0.14285714285714285,0.14285714285714285,0.0,0.14285714285714285,0.0
1009023,2021,0.6,0.0,0.2,0.2,0.0,0.0,0.0
1009023,2022,0.75,0.25,0.0,0.0,0.0,0.0,0.0
1009023,2023,0.4,0.0,0.2,0.0,0.4,0.0,0.0
1009023,2024,0.5,0.0,0.0,0.5,0.0,0.0,0.0
1009024,1981,0.75,0.0,0.25,0.0,0.0,0.0,0.0
1009024,1982,0.75,0.0,0.0,0.0,0.0,0.25,0.0
1009024,1983,0.8,0.0,0.0,0.2,0.0,0.0,0.0
1009024,1984,0.0,0.0,0.0,1.0,0.0,0.0,0.0
1009024,1985,1.0,0.0,0.0,0.0,0.0,0.0,0.0
1009024,1986,0.0,0.0,0.5,0.5,0.0,0.0,0.0
1009024,1987,0.0,0.0,0.0,1.0,0.0,0.0,0.0
1009024,1988,0.0,0.0,0.0,0.5,0.5,0.0,0.0
1009024,1989,0.0,0.0,0.75,0.25,0.0,0.0,0.0
1009024,1990,0.8,0.0,0.0,0.2,0.0,0.0,0.0
1009024,1991,0.5,0.0,0.0,0.5,0.0,0.0,0.0
1009024,1992,0.5,0.0,0.25,0.25,0.0,0.0,0.0
1009024,1993,0.5,0.0,0.5,0.0,0.0,0.0,0.0
1009024,1994,0.0,0.0,0.6666666666666666,0.0,0.3333333333333333,0.0,0.0
1009024,1995,0.6666666666666666,0.0,0.3333333333333333,0.0,0.0,0.0,0.0
1009024,1996,0.0,0.0,0.0,1.0,0.0,0.0,0.0
1009024,1997,0.75,0.0,0.0,0.25,0.0,0.0,0.0
1009024,1998,0.75,0.0,0.25,0.0,0.0,0.0,0.0
1009024,1999,0.6666666666666666,0.0,0.0,0.3333333333333333,0.0,0.0,0.0
1009024,2000,1.0,0.0,0.0,0.0,0.0,0.0,0.0
1009024,2001,0.5,0.0,0.0,0.5,0.0,0.0,0.0
1009024,2003,0.75,0.0,0.0,0.25,0.0,0.0,0.0
1009024,2004,1.0,0.0,0.0,0.0,0.0,0.0,0.0
1009024,2005,0.6666666666666666,0.0,0.0,0.3333333333333333,0.0,0.0,0.0
1009024,2006,0.75,0.0,0.0,0.25,0.0,0.0,0.0
1009024,2007,0.4,0.0,0.4,0.2,0.0,0.0,0.0
1009024,2008,0.2,0.0,0.8,0.0,0.0,0.0,0.0
1009024,2009,0.6,0.0,0.4,0.0,0.0,0.0,0.0
1009024,2010,0.8,0.0,0.2,0.0,0.0,0.0,0.0
1009024,2011,0.3333333333333333,0.0,0.0,0.6666666666666666,0.0,0.0,0.0
1009024,2012,1.0,0.0,0.0,0.0,0.0,0.0,0.0
1009024,2013,0.3333333333333333,0.0,0.0,0.6666666666666666,0.0,0.0,0.0
1009024,2014,0.75,0.0,0.25,0.0,0.0,0.0,0.0
1009024,2015,0.3333333333333333,0.0,0.3333333333333333,0.3333333333333333,0.0,0.0,0.0
1009024,2016,0.3333333333333333,0.0,0.0,0.6666666666666666,0.0,0.0,0.0
1009024,2017,0.5,0.0,0.25,0.25,0.0,0.0,0.0
1009024,2018,0.3333333333333333,0.0,0.6666666666666666,0.0,0.0,0.0,0.0
1009024,2019,0.5714285714285714,0.0,0.0,0.2857142857142857,0.14285714285714285,0.0,0.0
1009024,2020,0.6,0.0,0.0,0.4,0.0,0.0,0.0
1009024,2021,0.0,0.0,1.0,0.0,0.0,0.0,0.0
1009024,2022,0.75,0.25,0.0,0.0,0.0,0.0,0.0
1009024,2023,0.5,0.0,0.0,0.25,0.25,0.0,0.0
1009024,2024,0.25,0.0,0.5,0.25,0.0,0.0,0.0
1009025,1981,0.5,0.25,0.125,0.0,0.125,0.0,0.0
1009025,1982,0.3333333333333333,0.0,0.0,0.0,0.3333333333333333,0.3333333333333333,0.0
1009025,1983,0.0,0.0,0.0,0.0,0.3333333333333333,0.6666666666666666,0.0
1009025,1984,0.0,0.0,0.3333333333333333,0.0,0.0,0.6666666666666666,0.0
1009025,1985,0.0,0.0,0.0,0.25,0.0,0.75,0.0
1009025,1986,0.3333333333333333,0.0,0.0,0.0,0.3333333333333333,0.3333333333333333,0.0
1009025,1987,0.0,0.2,0.2,0.0,0.2,0.4,0.0
1009025,1988,0.3333333333333333,0.0,0.0,0.0,0.0,0.6666666666666666,0.0
1009025,1989,0.0,0.0,0.0,0.0,0.3333333333333333,0.6666666666666666,0.0
1009025,1990,0.2,0.0,0.4,0.0,0.2,0.0,0.2
1009025,1991,0.0,0.0,0.5,0.0,0.0,0.5,0.0
1009025,1992,0.0,0.0,0.0,0.0,0.4,0.6,0.0
1009025,1993,0.7142857142857143,0.0,0.0,0.0,0.0,0.2857142857142857,0.0
1009025,1994,0.5714285714285714,0.0,0.0,0.0,0.14285714285714285,0.14285714285714285,0.14285714285714285
1009025,1995,0.2,0.2,0.2,0.0,0.2,0.2,0.0
1009025,1996,0.16666666666666666,0.0,0.16666666666666666,0.0,0.3333333333333333,0.3333333333333333,0.0
1009025,1997,0.16666666666666666,0.0,0.16666666666666666,0.16666666666666666,0.16666666666666666,0.3333333333333333,0.0
1009025,1998,0.0,0.0,0.0,0.0,0.0,1.0,0.0
1009025,1999,0.4,0.0,0.0,0.2,0.0,0.4,0.0
1009025,2000,0.16666666666666666,0.0,0.16666666666666666,0.16666666666666666,0.3333333333333333,0.16666666666666666,0.0
1009025,2001,0.6,0.0,0.0,0.0,0.0,0.4,0.0
1009025,2002,0.625,0.0,0.125,0.0,0.125,0.125,0.0
1009025,2003,0.4,0.2,0.2,0.0,0.0,0.2,0.0
1009025,2004,0.4,0.0,0.0,0.0,0.0,0.6,0.0
1009025,2005,0.4,0.0,0.0,0.0,0.4,0.2,0.0
1009025,2006,0.4,0.0,0.0,0.0,0.2,0.4,0.0
1009025,2007,0.0,0.3333333333333333,0.3333333333333333,0.0,0.0,0.3333333333333333,0.0
1009025,2008,0.4444444444444444,0.0,0.3333333333333333,0.0,0.1111111111111111,0.1111111111111111,0.0
1009025,2009,0.4,0.0,0.2,0.0,0.0,0.2,0.2
1009025,2010,0.25,0.25,0.0,0.0,0.0,0.0,0.5
1009025,2011,0.25,0.0,0.25,0.0,0.0,0.5,0.0
1009025,2012,0.25,0.0,0.25,0.0,0.0,0.5,0.0
1009025,2013,0.4,0.0,0.2,0.0,0.0,0.4,0.0
1009025,2014,0.25,0.0,0.25,0.0,0.0,0.5,0.0
1009025,2015,0.0,0.0,0.0,0.0,0.0,0.3333333333333333,0.6666666666666666
1009025,2016,0.0,0.0,0.5,0.0,0.0,0.0,0.5
1009025,2017,0.0,0.25,0.0,0.0,0.25,0.25,0.25
1009025,2018,0.0,0.0,0.0,0.0,0.3333333333333333,0.3333333333333333,0.3333333333333333
1009025,2019,0.0,0.0,0.0,0.3333333333333333,0.0,0.3333333333333333,0.3333333333333333
1009025,2020,0.4,0.0,0.2,0.0,0.0,0.0,0.4
1009025,2021,0.5714285714285714,0.0,0.0,0.0,0.0,0.42857142857142855,0.0
1009025,2022,0.0,0.0,0.0,0.3333333333333333,0.3333333333333333,0.3333333333333333,0.0
1009025,2023,0.3333333333333333,0.0,0.0,0.0,0.3333333333333333,0.0,0.3333333333333333
1009025,2024,0.4,0.2,0.2,0.0,0.2,0.0,0.0
1009026,1981,0.5,0.0,0.0,0.5,0.0,0.0,0.0
1009026,1982,0.0,0.0,0.0,0.0,0.0,1.0,0.0
1009026,1983,0.0,0.0,0.0,1.0,0.0,0.0,0.0
1009026,1984,0.0,0.0,0.0,1.0,0.0,0.0,0.0
1009026,1985,0.5,0.0,0.0,0.5,0.0,0.0,0.0
1009026,1986,0.0,0.0,0.5,0.5,0.0,0.0,0.0
1009026,1987,0.0,0.0,0.0,1.0,0.0,0.0,0.0
1009026,1988,0.4,0.0,0.2,0.4,0.0,0.0,0.0
1009026,1989,0.0,0.0,0.3333333333333333,0.3333333333333333,0.0,0.3333333333333333,0.0
1009026,1990,0.0,0.0,0.0,0.0,0.0,1.0,0.0
1009026,1991,1.0,0.0,0.0,0.0,0.0,0.0,0.0
1009026,1992,0.0,0.0,0.3333333333333333,0.6666666666666666,0.0,0.0,0.0
1009026,1993,1.0,0.0,0.0,0.0,0.0,0.0,0.0
1009026,1994,0.6666666666666666,0.0,0.0,0.0,0.0,0.3333333333333333,0.0
1009026,1995,0.0,0.0,0.0,0.0,0.0,1.0,0.0
1009026,1997,0.0,0.0,0.0,1.0,0.0,0.0,0.0
1009026,1998,0.0,0.0,0.0,1.0,0.0,0.0,0.0
1009026,1999,0.5,0.0,0.0,0.5,0.0,0.0,0.0
1009026,2000,0.75,0.0,0.25,0.0,0.0,0.0,0.0
1009026,2001,0.0,0.0,1.0,0.0,0.0,0.0,0.0
1009026,2002,0.5,0.0,0.5,0.0,0.0,0.0,0.0
1009026,2003,0.3333333333333333,0.0,0.6666666666666666,0.0,0.0,0.0,0.0
1009026,2004,0.3333333333333333,0.0,0.0,0.3333333333333333,0.0,0.3333333333333333,0.0
1009026,2005,1.0,0.0,0.0,0.0,0.0,0.0,0.0
1009026,2006,0.6666666666666666,0.0,0.16666666666666666,0.0,0.0,0.16666666666666666,0.0
1009026,2007,1.0,0.0,0.0,0.0,0.0,0.0,0.0
1009026,2008,0.3333333333333333,0.0,0.3333333333333333,0.0,0.3333333333333333,0.0,0.0
1009026,2009,0.0,0.0,0.5,0.25,0.25,0.0,0.0
1009026,2010,0.5,0.0,0.0,0.5,0.0,0.0,0.0
1009026,2011,0.0,0.0,0.0,0.0,0.0,1.0,0.0
1009026,2012,0.3333333333333333,0.0,0.3333333333333333,0.3333333333333333,0.0,0.0,0.0
1009026,2013,0.5,0.0,0.0,0.0,0.0,0.5,0.0
1009026,2014,0.0,0.0,0.0,1.0,0.0,0.0,0.0
1009026,2015,0.6666666666666666,0.0,0.0,0.3333333333333333,0.0,0.0,0.0
1009026,2016,0.5,0.0,0.0,0.5,0.0,0.0,0.0
1009026,2017,0.0,0.0,0.0,0.5,0.5,0.0,0.0
1009026,2018,0.0,0.0,0.0,1.0,0.0,0.0,0.0
1009026,2019,0.0,0.0,0.0,0.0,0.0,1.0,0.0
1009026,2020,0.6666666666666666,0.0,0.0,0.3333333333333333,0.0,0.0,0.0
1009026,2021,0.0,0.0,1.0,0.0,0.0,0.0,0.0
1009026,2022,0.75,0.0,0.0,0.25,0.0,0.0,0.0
1009026,2023,0.3333333333333333,0.0,0.0,0.6666666666666666,0.0,0.0,0.0
1009026,2024,0.0,0.0,0.5,0.0,0.0,0.5,0.0
1009027,1981,0.3333333333333333,0.16666666666666666,0.16666666666666666,0.0,0.16666666666666666,0.0,0.16666666666666666
1009027,1982,0.0,0.0,0.0,0.0,0.3333333333333333,0.3333333333333333,0.3333333333333333
1009027,1983,0.3333333333333333,0.0,0.0,0.0,0.3333333333333333,0.0,0.3333333333333333
1009027,1984,0.3333333333333333,0.0,0.0,0.0,0.0,0.3333333333333333,0.3333333333333333
1009027,1985,0.0,0.0,0.0,0.3333333333333333,0.0,0.3333333333333333,0.3333333333333333
1009027,1986,0.0,0.0,0.25,0.0,0.25,0.25,0.25
1009027,1987,0.0,0.0,0.0,0.5,0.0,0.0,0.5
1009027,1988,0.0,0.0,0.0,0.0,0.0,0.6666666666666666,0.3333333333333333
1009027,1989,0.0,0.0,0.0,0.0,0.0,0.5,0.5
1009027,1990,0.0,0.0,0.5,0.0,0.0,0.0,0.5
1009027,1991,0.0,0.0,0.5,0.0,0.0,0.0,0.5
1009027,1992,0.3333333333333333,0.0,0.3333333333333333,0.0,0.0,0.0,0.3333333333333333
1009027,1993,0.25,0.0,0.0,0.25,0.0,0.25,0.25
1009027,1994,0.5,0.0,0.0,0.0,0.0,0.0,0.5
1009027,1995,0.0,0.0,1.0,0.0,0.0,0.0,0.0
1009027,1996,0.0,0.0,0.3333333333333333,0.0,0.0,0.3333333333333333,0.3333333333333333
1009027,1997,0.5,0.0,0.25,0.0,0.0,0.0,0.25
1009027,1998,0.0,0.0,0.0,0.0,0.0,0.5,0.5
1009027,1999,0.25,0.0,0.25,0.0,0.0,0.25,0.25
1009027,2000,0.0,0.0,0.5,0.0,0.0,0.25,0.25
1009027,2001,0.75,0.0,0.0,0.0,0.0,0.0,0.25
1009027,2002,0.2857142857142857,0.0,0.5714285714285714,0.0,0.0,0.0,0.14285714285714285
1009027,2003,0.4,0.2,0.2,0.0,0.0,0.0,0.2
1009027,2004,0.2,0.0,0.0,0.0,0.4,0.2,0.2
1009027,2005,0.25,0.0,0.0,0.0,0.25,0.25,0.25
1009027,2006,0.6,0.0,0.0,0.0,0.2,0.0,0.2
1009027,2007,0.0,0.3333333333333333,0.3333333333333333,0.0,0.0,0.0,0.3333333333333333
1009027,2008,0.42857142857142855,0.14285714285714285,0.14285714285714285,0.0,0.14285714285714285,0.0,0.14285714285714285
1009027,2009,0.5,0.0,0.0,0.0,0.0,0.25,0.25
1009027,2010,0.6,0.0,0.0,0.0,0.2,0.0,0.2
1009027,2011,0.3333333333333333,0.0,0.0,0.0,0.0,0.3333333333333333,0.3333333333333333
1009027,2012,0.4,0.2,0.2,0.0,0.0,0.2,0.0
1009027,2013,0.5,0.0,0.0,0.0,0.0,0.25,0.25
1009027,2014,0.0,0.0,0.0,0.0,0.5,0.0,0.5
1009027,2015,0.3333333333333333,0.0,0.0,0.0,0.0,0.3333333333333333,0.3333333333333333
1009027,2016,0.0,0.0,0.0,0.0,0.0,0.0,1.0
1009027,2017,0.25,0.0,0.25,0.0,0.25,0.0,0.25
1009027,2018,0.5,0.0,0.16666666666666666,0.0,0.0,0.16666666666666666,0.16666666666666666
1009027,2019,0.25,0.0,0.0,0.0,0.25,0.25,0.25
1009027,2020,0.25,0.0,0.25,0.0,0.25,0.0,0.25
1009027,2021,0.6,0.2,0.0,0.0,0.0,0.0,0.2
1009027,2022,0.25,0.0,0.25,0.25,0.0,0.0,0.25
1009027,2023,0.5,0.0,0.0,0.0,0.0,0.0,0.5
1009027,2024,0.3333333333333333,0.3333333333333333,0.0,0.0,0.0,0.3333333333333333,0.0
1009028,1981,0.25,0.0,0.5,0.0,0.25,0.0,0.0
1009028,1982,0.7142857142857143,0.0,0.14285714285714285,0.0,0.14285714285714285,0.0,0.0
1009028,1983,0.6,0.0,0.2,0.0,0.0,0.2,0.0
1009028,1984,0.0,0.0,0.0,0.5,0.0,0.5,0.0
1009028,1985,0.5,0.0,0.0,0.0,0.0,0.5,0.0
1009028,1986,0.25,0.0,0.5,0.0,0.0,0.25,0.0
1009028,1987,0.6,0.0,0.0,0.4,0.0,0.0,0.0
1009028,1988,0.3333333333333333,0.0,0.3333333333333333,0.0,0.0,0.3333333333333333,0.0
1009028,1989,0.5714285714285714,0.14285714285714285,0.14285714285714285,0.0,0.14285714285714285,0.0,0.0
1009028,1990,0.0,0.0,0.5,0.25,0.0,0.25,0.0
1009028,1991,0.3333333333333333,0.0,0.3333333333333333,0.3333333333333333,0.0,0.0,0.0
1009028,1992,0.0,0.0,0.5,0.0,0.5,0.0,0.0
1009028,1993,0.6,0.0,0.0,0.2,0.2,0.0,0.0
1009028,1994,0.6666666666666666,0.0,0.0,0.0,0.0,0.3333333333333333,0.0
1009028,1995,0.75,0.0,0.0,0.0,0.0,0.25,0.0
1009028,1996,0.3333333333333333,0.0,0.0,0.3333333333333333,0.0,0.3333333333333333,0.0
1009028,1997,0.3333333333333333,0.16666666666666666,0.16666666666666666,0.16666666666666666,0.16666666666666666,0.0,0.0
1009028,1998,0.625,0.0,0.375,0.0,0.0,0.0,0.0
1009028,1999,0.8333333333333334,0.0,0.0,0.16666666666666666,0.0,0.0,0.0
1009028,2000,0.6666666666666666,0.0,0.16666666666666666,0.0,0.16666666666666666,0.0,0.0
1009028,2001,0.5,0.0,0.0,0.0,0.25,0.25,0.0
1009028,2002,0.8,0.0,0.0,0.2,0.0,0.0,0.0
1009028,2003,0.6666666666666666,0.0,0.0,0.0,0.0,0.3333333333333333,0.0
1009028,2004,0.5,0.0,0.0,0.0,0.0,0.5,0.0
1009028,2005,0.2,0.0,0.2,0.4,0.0,0.2,0.0
1009028,2006,0.7142857142857143,0.0,0.14285714285714285,0.0,0.0,0.14285714285714285,0.0
1009028,2007,0.25,0.0,0.25,0.0,0.5,0.0,0.0
1009028,2008,0.4,0.0,0.4,0.0,0.0,0.2,0.0
1009028,2009,0.2857142857142857,0.0,0.42857142857142855,0.0,0.14285714285714285,0.14285714285714285,0.0
1009028,2010,0.6666666666666666,0.0,0.0,0.0,0.0,0.3333333333333333,0.0
1009028,2011,0.3333333333333333,0.0,0.3333333333333333,0.0,0.0,0.3333333333333333,0.0
1009028,2012,0.5,0.0,0.25,0.0,0.25,0.0,0.0
1009028,2013,0.4,0.0,0.2,0.2,0.0,0.2,0.0
1009028,2014,0.5714285714285714,0.0,0.14285714285714285,0.14285714285714285,0.14285714285714285,0.0,0.0
1009028,2015,0.25,0.0,0.25,0.25,0.0,0.25,0.0
1009028,2016,0.6,0.0,0.0,0.2,0.0,0.2,0.0
1009028,2017,0.6,0.0,0.2,0.0,0.0,0.2,0.0
1009028,2018,0.6666666666666666,0.0,0.16666666666666666,0.0,0.16666666666666666,0.0,0.0
1009028,2019,0.2857142857142857,0.0,0.42857142857142855,0.14285714285714285,0.0,0.14285714285714285,0.0
1009028,2020,0.3333333333333333,0.0,0.16666666666666666,0.16666666666666666,0.16666666666666666,0.16666666666666666,0.0
1009028,2021,0.5,0.0,0.16666666666666666,0.0,0.0,0.3333333333333333,0.0
1009028,2022,0.5,0.25,0.0,0.25,0.0,0.0,0.0
1009028,2023,0.3333333333333333,0.0,0.0,0.3333333333333333,0.0,0.0,0.3333333333333333
1009028,2024,0.6666666666666666,0.0,0.0,0.0,0.3333333333333333,0.0,0.0
1009029,1981,0.5,0.16666666666666666,0.16666666666666666,0.0,0.16666666666666666,0.0,0.0
1009029,1982,0.5555555555555556,0.0,0.2222222222222222,0.1111111111111111,0.1111111111111111,0.0,0.0
1009029,1983,0.5,0.0,0.16666666666666666,0.16666666666666666,0.0,0.0,0.16666666666666666
1009029,1984,0.0,0.0,0.3333333333333333,0.3333333333333333,0.0,0.3333333333333333,0.0
1009029,1985,0.4,0.0,0.2,0.2,0.0,0.2,0.0
1009029,1986,0.4,0.0,0.2,0.2,0.0,0.2,0.0
1009029,1987,0.5,0.0,0.16666666666666666,0.0,0.0,0.3333333333333333,0.0
1009029,1988,0.5,0.0,0.0,0.3333333333333333,0.0,0.16666666666666666,0.0
1009029,1989,0.3333333333333333,0.16666666666666666,0.16666666666666666,0.16666666666666666,0.16666666666666666,0.0,0.0
1009029,1990,0.5,0.0,0.0,0.25,0.0,0.25,0.0
1009029,1991,0.25,0.0,0.0,0.25,0.0,0.5,0.0
1009029,1992,0.16666666666666666,0.0,0.3333333333333333,0.0,0.3333333333333333,0.16666666666666666,0.0
1009029,1993,0.6,0.0,0.0,0.2,0.0,0.2,0.0
1009029,1994,0.7142857142857143,0.0,0.0,0.14285714285714285,0.0,0.14285714285714285,0.0
1009029,1995,0.5,0.25,0.0,0.0,0.25,0.0,0.0
1009029,1996,0.25,0.0,0.25,0.25,0.0,0.25,0.0
1009029,1997,0.0,0.0,0.3333333333333333,0.3333333333333333,0.0,0.3333333333333333,0.0
1009029,1998,0.25,0.0,0.25,0.0,0.0,0.5,0.0
1009029,1999,0.0,0.0,0.0,0.5,0.0,0.5,0.0
1009029,2000,0.4,0.0,0.0,0.4,0.0,0.2,0.0
1009029,2001,0.6666666666666666,0.0,0.0,0.0,0.0,0.3333333333333333,0.0
1009029,2002,0.25,0.0,0.5,0.0,0.0,0.25,0.0
1009029,2003,0.5,0.0,0.3333333333333333,0.0,0.0,0.16666666666666666,0.0
1009029,2004,0.25,0.0,0.25,0.25,0.0,0.25,0.0
1009029,2005,0.2,0.0,0.0,0.2,0.2,0.4,0.0
1009029,2006,0.42857142857142855,0.0,0.14285714285714285,0.2857142857142857,0.0,0.14285714285714285,0.0
1009029,2007,0.0,0.0,0.0,0.0,0.5,0.0,0.5
1009029,2008,0.4,0.0,0.2,0.0,0.2,0.0,0.2
1009029,2009,0.3333333333333333,0.0,0.3333333333333333,0.0,0.16666666666666666,0.16666666666666666,0.0
1009029,2010,0.0,0.0,0.75,0.0,0.0,0.0,0.25
1009029,2011,0.0,0.0,0.3333333333333333,0.3333333333333333,0.0,0.0,0.3333333333333333
1009029,2012,0.2,0.0,0.4,0.0,0.0,0.2,0.2
1009029,2013,0.4,0.0,0.0,0.0,0.4,0.2,0.0
1009029,2014,0.5,0.0,0.0,0.0,0.0,0.5,0.0
1009029,2015,0.0,0.0,0.3333333333333333,0.0,0.0,0.6666666666666666,0.0
1009029,2016,0.5,0.0,0.0,0.0,0.0,0.25,0.25
1009029,2017,0.4,0.0,0.2,0.2,0.0,0.2,0.0
1009029,2018,0.0,0.0,0.25,0.0,0.25,0.5,0.0
1009029,2019,0.25,0.0,0.25,0.0,0.0,0.5,0.0
1009029,2020,0.0,0.0,0.0,0.3333333333333333,0.0,0.6666666666666666,0.0
1009029,2021,0.25,0.0,0.25,0.0,0.25,0.25,0.0
1009029,2022,0.5,0.0,0.0,0.0,0.25,0.0,0.25
1009029,2023,0.5,0.0,0.25,0.0,0.0,0.25,0.0
1009029,2024,0.4,0.0,0.0,0.2,0.4,0.0,0.0
1009030,1981,0.3333333333333333,0.0,0.5,0.16666666666666666,0.0,0.0,0.0
1009030,1982,0.0,0.0,0.3333333333333333,0.0,0.0,0.6666666666666666,0.0
1009030,1983,0.0,0.0,0.0,0.0,0.0,1.0,0.0
1009030,1984,0.0,0.0,0.0,0.5,0.5,0.0,0.0
1009030,1985,0.25,0.0,0.0,0.75,0.0,0.0,0.0
1009030,1986,0.5,0.0,0.0,0.5,0.0,0.0,0.0
1009030,1987,0.3333333333333333,0.0,0.0,0.6666666666666666,0.0,0.0,0.0
1009030,1988,0.6,0.0,0.0,0.2,0.2,0.0,0.0
1009030,1989,0.25,0.0,0.25,0.5,0.0,0.0,0.0
1009030,1990,0.4,0.0,0.2,0.4,0.0,0.0,0.0
1009030,1991,0.75,0.0,0.0,0.25,0.0,0.0,0.0
1009030,1992,0.25,0.0,0.0,0.75,0.0,0.0,0.0
1009030,1993,0.0,0.0,0.0,1.0,0.0,0.0,0.0
1009030,1994,0.3333333333333333,0.0,0.0,0.3333333333333333,0.0,0.3333333333333333,0.0
1009030,1995,0.0,0.0,0.3333333333333333,0.3333333333333333,0.0,0.3333333333333333,0.0
1009030,1996,0.5,0.0,0.0,0.5,0.0,0.0,0.0
1009030,1997,0.4,0.0,0.2,0.4,0.0,0.0,0.0
1009030,1998,0.0,0.0,0.25,0.75,0.0,0.0,0.0
1009030,1999,0.3333333333333333,0.0,0.0,0.6666666666666666,0.0,0.0,0.0
1009030,2000,0.75,0.0,0.0,0.25,0.0,0.0,0.0
1009030,2001,0.3333333333333333,0.0,0.0,0.3333333333333333,0.0,0.3333333333333333,0.0
1009030,2002,0.75,0.0,0.25,0.0,0.0,0.0,0.0
1009030,2003,0.6666666666666666,0.0,0.16666666666666666,0.0,0.0,0.16666666666666666,0.0
1009030,2004,0.75,0.0,0.0,0.25,0.0,0.0,0.0
1009030,2005,0.6666666666666666,0.0,0.0,0.16666666666666666,0.0,0.16666666666666666,0.0
1009030,2006,0.6666666666666666,0.0,0.0,0.16666666666666666,0.16666666666666666,0.0,0.0
1009030,2007,0.5,0.0,0.0,0.0,0.25,0.25,0.0
1009030,2008,0.4,0.0,0.4,0.0,0.0,0.2,0.0
1009030,2009,0.2857142857142857,0.0,0.5714285714285714,0.14285714285714285,0.0,0.0,0.0
1009030,2010,0.5,0.0,0.25,0.0,0.0,0.25,0.0
1009030,2011,0.3333333333333333,0.0,0.0,0.0,0.0,0.6666666666666666,0.0
1009030,2012,0.25,0.0,0.0,0.75,0.0,0.0,0.0
1009030,2013,0.5,0.0,0.0,0.0,0.0,0.5,0.0
1009030,2014,0.7142857142857143,0.0,0.14285714285714285,0.14285714285714285,0.0,0.0,0.0
1009030,2015,0.6,0.0,0.0,0.2,0.2,0.0,0.0
1009030,2016,0.5,0.0,0.0,0.0,0.5,0.0,0.0
1009030,2017,0.2857142857142857,0.0,0.2857142857142857,0.2857142857142857,0.14285714285714285,0.0,0.0
1009030,2018,0.4,0.0,0.4,0.2,0.0,0.0,0.0
1009030,2019,0.3333333333333333,0.0,0.16666666666666666,0.16666666666666666,0.16666666666666666,0.16666666666666666,0.0
1009030,2020,0.4,0.0,0.0,0.2,0.2,0.2,0.0
1009030,2021,0.4,0.0,0.2,0.2,0.0,0.2,0.0
1009030,2022,0.25,0.25,0.0,0.5,0.0,0.0,0.0
1009030,2023,0.25,0.0,0.25,0.0,0.25,0.25,0.0
1009030,2024,0.25,0.0,0.25,0.25,0.25,0.0,0.0
1009031,1981,0.0,0.0,0.0,1.0,0.0,0.0,0.0
1009031,1982,0.6666666666666666,0.0,0.0,0.3333333333333333,0.0,0.0,0.0
1009031,1983,0.5,0.0,0.0,0.0,0.5,0.0,0.0
1009031,1984,0.5,0.0,0.0,0.5,0.0,0.0,0.0
1009031,1985,1.0,0.0,0.0,0.0,0.0,0.0,0.0
1009031,1986,0.0,0.0,1.0,0.0,0.0,0.0,0.0
1009031,1988,0.0,0.0,0.0,0.0,0.0,1.0,0.0
1009031,1989,0.6666666666666666,0.0,0.3333333333333333,0.0,0.0,0.0,0.0
1009031,1990,0.5,0.0,0.0,0.5,0.0,0.0,0.0
1009031,1991,1.0,0.0,0.0,0.0,0.0,0.0,0.0
1009031,1992,0.5,0.0,0.0,0.0,0.5,0.0,0.0
1009031,1993,0.0,0.0,1.0,0.0,0.0,0.0,0.0
1009031,1994,0.0,0.0,0.0,0.0,0.0,1.0,0.0
1009031,1995,0.0,0.0,0.0,0.0,0.0,1.0,0.0
1009031,1996,1.0,0.0,0.0,0.0,0.0,0.0,0.0
1009031,1997,0.3333333333333333,0.0,0.6666666666666666,0.0,0.0,0.0,0.0
1009031,1998,0.6666666666666666,0.0,0.3333333333333333,0.0,0.0,0.0,0.0
1009031,1999,0.0,0.0,0.0,1.0,0.0,0.0,0.0
1009031,2000,0.0,0.0,1.0,0.0,0.0,0.0,0.0
1009031,2001,0.0,0.0,0.0,0.0,0.0,1.0,0.0
1009031,2002,1.0,0.0,0.0,0.0,0.0,0.0,0.0
1009031,2003,0.5,0.5,0.0,0.0,0.0,0.0,0.0
1009031,2004,0.0,0.0,1.0,0.0,0.0,0.0,0.0
1009031,2005,0.75,0.0,0.25,0.0,0.0,0.0,0.0
1009031,2006,0.0,0.5,0.5,0.0,0.0,0.0,0.0
1009031,2007,0.5,0.0,0.25,0.0,0.0,0.25,0.0
1009031,2008,0.0,0.0,0.0,0.0,1.0,0.0,0.0
1009031,2009,0.6666666666666666,0.0,0.0,0.3333333333333333,0.0,0.0,0.0
1009031,2010,0.0,0.5,0.5,0.0,0.0,0.0,0.0
1009031,2011,0.5,0.0,0.0,0.0,0.5,0.0,0.0
1009031,2012,0.0,0.0,0.0,0.0,1.0,0.0,0.0
1009031,2013,0.5,0.0,0.0,0.0,0.5,0.0,0.0
1009031,2014,0.0,0.0,1.0,0.0,0.0,0.0,0.0
1009031,2015,0.0,1.0,0.0,0.0,0.0,0.0,0.0
1009031,2016,0.8,0.0,0.0,0.0,0.2,0.0,0.0
1009031,2017,0.5,0.0,0.0,0.0,0.5,0.0,0.0
1009031,2018,1.0,0.0,0.0,0.0,0.0,0.0,0.0
1009031,2019,0.75,0.0,0.0,0.0,0.25,0.0,0.0
1009031,2020,0.5,0.0,0.0,0.0,0.0,0.5,0.0
1009031,2021,0.0,0.0,0.6666666666666666,0.3333333333333333,0.0,0.0,0.0
1009031,2022,0.5,0.5,0.0,0.0,0.0,0.0,0.0
1009031,2023,0.5,0.0,0.0,0.0,0.5,0.0,0.0
1009031,2024,0.0,0.0,0.0,0.0,1.0,0.0,0.0
1009032,1981,0.0,0.0,0.3333333333333333,0.0,0.3333333333333333,0.3333333333333333,0.0
1009032,1982,0.0,0.0,0.0,0.5,0.0,0.0,0.5
1009032,1983,0.0,0.0,0.0,0.0,0.0,1.0,0.0
1009032,1984,0.3333333333333333,0.0,0.0,0.3333333333333333,0.0,0.3333333333333333,0.0
1009032,1985,0.4,0.0,0.0,0.6,0.0,0.0,0.0
1009032,1986,0.0,0.0,0.3333333333333333,0.6666666666666666,0.0,0.0,0.0
1009032,1987,0.5,0.0,0.0,0.5,0.0,0.0,0.0
1009032,1988,0.2,0.0,0.0,0.6,0.0,0.2,0.0
1009032,1989,0.0,0.0,0.4,0.2,0.2,0.2,0.0
1009032,1990,0.0,0.0,0.0,1.0,0.0,0.0,0.0
1009032,1991,0.5,0.0,0.0,0.25,0.0,0.25,0.0
1009032,1992,0.0,0.0,0.0,0.6666666666666666,0.0,0.3333333333333333,0.0
1009032,1993,0.0,0.0,0.0,1.0,0.0,0.0,0.0
1009032,1994,0.0,0.0,0.3333333333333333,0.0,0.0,0.6666666666666666,0.0
1009032,1995,0.0,0.0,0.0,0.0,0.0,1.0,0.0
1009032,1996,0.25,0.0,0.25,0.25,0.0,0.25,0.0
1009032,1997,0.0,0.0,0.25,0.5,0.25,0.0,0.0
1009032,1998,0.3333333333333333,0.0,0.0,0.0,0.0,0.6666666666666666,0.0
1009032,1999,0.3333333333333333,0.0,0.0,0.3333333333333333,0.0,0.3333333333333333,0.0
1009032,2000,0.4,0.0,0.4,0.0,0.2,0.0,0.0
1009032,2001,0.25,0.0,0.25,0.0,0.25,0.25,0.0
1009032,2002,0.5,0.0,0.3333333333333333,0.16666666666666666,0.0,0.0,0.0
1009032,2003,0.4,0.0,0.2,0.0,0.2,0.2,0.0
1009032,2004,0.4,0.0,0.2,0.4,0.0,0.0,0.0
1009032,2005,0.5,0.0,0.16666666666666666,0.0,0.0,0.3333333333333333,0.0
1009032,2006,0.4,0.0,0.2,0.0,0.0,0.4,0.0
1009032,2007,0.6,0.0,0.0,0.0,0.0,0.4,0.0
1009032,2008,0.2,0.0,0.6,0.0,0.0,0.2,0.0
1009032,2009,0.3333333333333333,0.0,0.16666666666666666,0.3333333333333333,0.16666666666666666,0.0,0.0
1009032,2010,0.4,0.0,0.4,0.0,0.0,0.2,0.0
1009032,2011,0.3333333333333333,0.0,0.0,0.0,0.0,0.6666666666666666,0.0
1009032,2012,0.4,0.0,0.2,0.2,0.0,0.2,0.0
1009032,2013,0.0,0.0,0.0,0.0,0.0,1.0,0.0
1009032,2014,0.3333333333333333,0.0,0.0,0.3333333333333333,0.0,0.3333333333333333,0.0
1009032,2015,0.3333333333333333,0.0,0.0,0.0,0.0,0.6666666666666666,0.0
1009032,2016,0.6,0.0,0.0,0.0,0.2,0.2,0.0
1009032,2017,0.42857142857142855,0.0,0.14285714285714285,0.14285714285714285,0.14285714285714285,0.14285714285714285,0.0
1009032,2018,0.6,0.0,0.0,0.4,0.0,0.0,0.0
1009032,2019,0.16666666666666666,0.0,0.3333333333333333,0.16666666666666666,0.16666666666666666,0.16666666666666666,0.0
1009032,2020,0.3333333333333333,0.0,0.0,0.0,0.0,0.6666666666666666,0.0
1009032,2021,0.5,0.0,0.25,0.0,0.0,0.25,0.0
1009032,2022,0.3333333333333333,0.3333333333333333,0.0,0.0,0.3333333333333333,0.0,0.0
1009032,2023,0.5714285714285714,0.0,0.14285714285714285,0.0,0.2857142857142857,0.0,0.0
1009032,2024,0.25,0.0,0.25,0.25,0.25,0.0,0.0
1009034,1981,0.75,0.0,0.0,0.25,0.0,0.0,0.0
1009034,1982,0.6666666666666666,0.0,0.3333333333333333,0.0,0.0,0.0,0.0
1009034,1983,0.6666666666666666,0.0,0.0,0.0,0.3333333333333333,0.0,0.0
1009034,1984,0.3333333333333333,0.3333333333333333,0.3333333333333333,0.0,0.0,0.0,0.0
1009034,1985,1.0,0.0,0.0,0.0,0.0,0.0,0.0
1009034,1986,0.0,0.0,1.0,0.0,0.0,0.0,0.0
1009034,1988,0.0,1.0,0.0,0.0,0.0,0.0,0.0
1009034,1989,0.0,0.5,0.0,0.0,0.5,0.0,0.0
1009034,1990,0.5,0.0,0.0,0.0,0.5,0.0,0.0
1009034,1991,1.0,0.0,0.0,0.0,0.0,0.0,0.0
1009034,1992,0.5,0.0,0.0,0.0,0.5,0.0,0.0
1009034,1993,0.5,0.0,0.5,0.0,0.0,0.0,0.0
1009034,1994,0.0,1.0,0.0,0.0,0.0,0.0,0.0
1009034,1995,0.0,1.0,0.0,0.0,0.0,0.0,0.0
1009034,1996,0.5,0.0,0.5,0.0,0.0,0.0,0.0
1009034,1997,0.3333333333333333,0.0,0.3333333333333333,0.3333333333333333,0.0,0.0,0.0
1009034,1998,0.75,0.0,0.25,0.0,0.0,0.0,0.0
1009034,1999,1.0,0.0,0.0,0.0,0.0,0.0,0.0
1009034,2000,0.0,0.0,1.0,0.0,0.0,0.0,0.0
1009034,2001,0.0,0.0,0.0,0.0,1.0,0.0,0.0
1009034,2002,1.0,0.0,0.0,0.0,0.0,0.0,0.0
1009034,2003,0.5,0.5,0.0,0.0,0.0,0.0,0.0
1009034,2004,1.0,0.0,0.0,0.0,0.0,0.0,0.0
1009034,2005,0.0,0.0,1.0,0.0,0.0,0.0,0.0
1009034,2006,0.5,0.5,0.0,0.0,0.0,0.0,0.0
1009034,2007,0.75,0.0,0.0,0.0,0.25,0.0,0.0
1009034,2008,0.0,0.0,0.0,0.0,1.0,0.0,0.0
1009034,2009,0.5,0.5,0.0,0.0,0.0,0.0,0.0
1009034,2010,0.3333333333333333,0.3333333333333333,0.0,0.0,0.3333333333333333,0.0,0.0
1009034,2011,0.0,1.0,0.0,0.0,0.0,0.0,0.0
1009034,2012,0.0,0.0,0.0,0.0,1.0,0.0,0.0
1009034,2013,0.6666666666666666,0.0,0.0,0.0,0.3333333333333333,0.0,0.0
1009034,2014,0.0,0.0,1.0,0.0,0.0,0.0,0.0
1009034,2015,0.0,1.0,0.0,0.0,0.0,0.0,0.0
1009034,2016,0.6666666666666666,0.3333333333333333,0.0,0.0,0.0,0.0,0.0
1009034,2017,0.6666666666666666,0.3333333333333333,0.0,0.0,0.0,0.0,0.0
1009034,2018,1.0,0.0,0.0,0.0,0.0,0.0,0.0
1009034,2019,0.5,0.5,0.0,0.0,0.0,0.0,0.0
1009034,2020,0.0,1.0,0.0,0.0,0.0,0.0,0.0
1009034,2021,0.5,0.0,0.0,0.0,0.5,0.0,0.0
1009034,2022,0.5,0.5,0.0,0.0,0.0,0.0,0.0
1009034,2023,0.6666666666666666,0.0,0.0,0.0,0.3333333333333333,0.0,0.0
1009034,2024,0.0,0.0,0.0,0.0,1.0,0.0,0.0
1009035,1981,0.0,0.0,0.0,0.0,0.0,1.0,0.0
1009035,1982,0.5,0.0,0.0,0.5,0.0,0.0,0.0
1009035,1983,0.6666666666666666,0.3333333333333333,0.0,0.0,0.0,0.0,0.0
1009035,1984,0.5,0.0,0.0,0.0,0.5,0.0,0.0
1009035,1985,0.0,0.0,0.0,0.0,1.0,0.0,0.0
1009035,1986,0.0,0.0,1.0,0.0,0.0,0.0,0.0
1009035,1987,1.0,0.0,0.0,0.0,0.0,0.0,0.0
1009035,1988,0.0,1.0,0.0,0.0,0.0,0.0,0.0
1009035,1989,0.6666666666666666,0.0,0.3333333333333333,0.0,0.0,0.0,0.0
1009035,1990,0.5,0.0,0.0,0.0,0.5,0.0,0.0
1009035,1991,0.0,0.0,1.0,0.0,0.0,0.0,0.0
1009035,1992,0.5,0.0,0.0,0.0,0.5,0.0,0.0
1009035,1993,0.0,0.0,1.0,0.0,0.0,0.0,0.0
1009035,1994,0.0,1.0,0.0,0.0,0.0,0.0,0.0
1009035,1995,0.5,0.0,0.0,0.0,0.5,0.0,0.0
1009035,1996,1.0,0.0,0.0,0.0,0.0,0.0,0.0
1009035,1997,0.3333333333333333,0.0,0.6666666666666666,0.0,0.0,0.0,0.0
1009035,1998,0.5,0.0,0.5,0.0,0.0,0.0,0.0
1009035,1999,0.0,0.0,0.0,1.0,0.0,0.0,0.0
1009035,2000,0.0,0.0,1.0,0.0,0.0,0.0,0.0
1009035,2001,0.0,0.0,0.0,0.0,1.0,0.0,0.0
1009035,2002,1.0,0.0,0.0,0.0,0.0,0.0,0.0
1009035,2003,0.5,0.5,0.0,0.0,0.0,0.0,0.0
1009035,2004,1.0,0.0,0.0,0.0,0.0,0.0,0.0
1009035,2005,0.0,0.0,1.0,0.0,0.0,0.0,0.0
1009035,2006,0.0,0.5,0.5,0.0,0.0,0.0,0.0
1009035,2007,0.3333333333333333,0.0,0.3333333333333333,0.0,0.3333333333333333,0.0,0.0
1009035,2008,0.0,0.0,0.0,0.0,1.0,0.0,0.0
1009035,2009,0.5,0.0,0.0,0.0,0.5,0.0,0.0
1009035,2010,0.5,0.5,0.0,0.0,0.0,0.0,0.0
1009035,2011,0.0,1.0,0.0,0.0,0.0,0.0,0.0
1009035,2012,0.0,0.0,0.5,0.0,0.5,0.0,0.0
1009035,2013,0.5,0.0,0.0,0.0,0.5,0.0,0.0
1009035,2014,0.5,0.0,0.0,0.5,0.0,0.0,0.0
1009035,2015,0.5,0.5,0.0,0.0,0.0,0.0,0.0
1009035,2016,0.6666666666666666,0.3333333333333333,0.0,0.0,0.0,0.0,0.0
1009035,2017,0.5,0.5,0.0,0.0,0.0,0.0,0.0
1009035,2018,1.0,0.0,0.0,0.0,0.0,0.0,0.0
1009035,2019,0.0,0.6666666666666666,0.3333333333333333,0.0,0.0,0.0,0.0
1009035,2020,0.0,1.0,0.0,0.0,0.0,0.0,0.0
1009035,2021,0.3333333333333333,0.0,0.3333333333333333,0.3333333333333333,0.0,0.0,0.0
1009035,2022,0.5,0.5,0.0,0.0,0.0,0.0,0.0
1009035,2023,0.6666666666666666,0.3333333333333333,0.0,0.0,0.0,0.0,0.0
1009035,2024,0.0,0.0,0.0,0.0,1.0,0.0,0.0
1009036,1981,0.25,0.25,0.0,0.0,0.0,0.25,0.25
1009036,1982,0.0,0.0,0.0,0.0,0.0,0.0,1.0
1009036,1983,1.0,0.0,0.0,0.0,0.0,0.0,0.0
1009036,1984,0.0,0.0,0.0,0.0,0.3333333333333333,0.3333333333333333,0.3333333333333333
1009036,1985,0.0,0.0,0.0,0.0,0.0,0.0,1.0
1009036,1986,0.0,0.0,0.0,0.0,0.0,0.0,1.0
1009036,1987,0.0,0.0,0.0,0.0,0.0,0.5,0.5
1009036,1988,0.3333333333333333,0.0,0.0,0.0,0.0,0.3333333333333333,0.3333333333333333
1009036,1989,0.0,0.0,0.0,0.0,0.0,0.0,1.0
1009036,1990,0.0,0.0,0.0,0.0,0.5,0.0,0.5
1009036,1991,0.0,0.0,1.0,0.0,0.0,0.0,0.0
1009036,1992,0.0,0.0,0.0,0.0,0.0,0.5,0.5
1009036,1993,0.5,0.0,0.0,0.0,0.0,0.0,0.5
1009036,1994,0.3333333333333333,0.0,0.0,0.0,0.0,0.0,0.6666666666666666
1009036,1996,0.25,0.0,0.25,0.0,0.0,0.25,0.25
1009036,1997,0.5,0.0,0.0,0.0,0.0,0.0,0.5
1009036,1998,0.0,0.0,0.0,0.0,0.0,0.5,0.5
1009036,1999,0.25,0.25,0.0,0.0,0.25,0.0,0.25
1009036,2000,0.0,0.0,0.3333333333333333,0.0,0.0,0.3333333333333333,0.3333333333333333
1009036,2001,0.6,0.0,0.2,0.0,0.0,0.0,0.2
1009036,2002,0.3333333333333333,0.0,0.16666666666666666,0.0,0.16666666666666666,0.16666666666666666,0.16666666666666666
1009036,2003,0.0,0.25,0.0,0.0,0.25,0.0,0.5
1009036,2004,0.4,0.0,0.0,0.0,0.2,0.2,0.2
1009036,2005,0.3333333333333333,0.0,0.0,0.0,0.0,0.0,0.6666666666666666
1009036,2006,0.6666666666666666,0.0,0.0,0.0,0.3333333333333333,0.0,0.0
1009036,2007,0.0,0.3333333333333333,0.0,0.0,0.3333333333333333,0.0,0.3333333333333333
1009036,2008,0.16666666666666666,0.3333333333333333,0.16666666666666666,0.0,0.16666666666666666,0.0,0.16666666666666666
1009036,2009,0.5,0.0,0.0,0.0,0.0,0.25,0.25
1009036,2010,0.3333333333333333,0.3333333333333333,0.0,0.0,0.0,0.0,0.3333333333333333
1009036,2011,0.0,0.0,0.0,0.0,0.0,0.0,1.0
1009036,2012,0.25,0.0,0.25,0.0,0.25,0.0,0.25
1009036,2013,0.0,0.0,0.0,0.0,0.0,0.5,0.5
1009036,2014,0.0,0.0,0.0,0.0,0.0,0.0,1.0
1009036,2015,0.5,0.0,0.0,0.0,0.0,0.5,0.0
1009036,2016,0.0,0.0,0.5,0.0,0.0,0.0,0.5
1009036,2017,0.4,0.2,0.0,0.2,0.0,0.0,0.2
1009036,2018,0.4,0.2,0.2,0.0,0.0,0.0,0.2
1009036,2019,0.25,0.0,0.0,0.0,0.25,0.0,0.5
1009036,2020,0.25,0.0,0.25,0.0,0.25,0.0,0.25
1009036,2021,0.3333333333333333,0.3333333333333333,0.0,0.0,0.0,0.0,0.3333333333333333
1009036,2022,0.0,0.0,0.0,0.0,0.0,0.0,1.0
1009036,2023,1.0,0.0,0.0,0.0,0.0,0.0,0.0
1009036,2024,0.0,1.0,0.0,0.0,0.0,0.0,0.0
